collection;place_id;toponym;gazetteer_uri;gazetteer_label;lng;lat;exact_matches;close_matches
bordeaux;bor_179;paramuole;http://linkedplaces.org/places/bor_179;Paramuole;25.047069;42.198004;[{"uri":"http://pleiades.stoa.org/places/216920","names":['Parambole']}];
bordeaux;bor_47;dea vocontiorum;http://linkedplaces.org/places/bor_47;Dea Vocontiorum;5.37102;44.75216;[{"uri":"http://pleiades.stoa.org/places/167716","names":['Col. Dea Vocontiorum', 'Vocontii', 'Die']}];
bordeaux;bor_239;iogola;http://linkedplaces.org/places/bor_239;Iogola;33.711367;38.871019;[{"uri":"http://pleiades.stoa.org/places/619232","names":['Ozzala', 'Ozizala', 'Iogola']}];
bordeaux;bor_180;cillio;http://linkedplaces.org/places/bor_180;Cillio;25.2261151;42.216088;[{"uri":"http://pleiades.stoa.org/places/216767","names":['Cillis']}];
bordeaux;bor_125;maurianis;http://linkedplaces.org/places/bor_125;Maurianis;18.161;45.759;[{"uri":"http://pleiades.stoa.org/places/197370","names":['Marinianis', 'Magniana']}];
bordeaux;bor_240;nitalis;http://linkedplaces.org/places/bor_240;Nitalis;33.912591;38.709571;[{"uri":"http://pleiades.stoa.org/places/619220","names":['Nitazi', 'Nitalis']}];
bordeaux;bor_181;carassura;http://linkedplaces.org/places/bor_181;Carassura;25.385306;42.240488;[{"uri":"http://pleiades.stoa.org/places/216750","names":['Carassura']}];
bordeaux;bor_48;luco;http://linkedplaces.org/places/bor_48;Luco;5.4515;44.6157;[{"uri":"http://pleiades.stoa.org/places/167815","names":['Lucus Augusti']}];
bordeaux;bor_241;argustana;http://linkedplaces.org/places/bor_241;Argustana;34.032157;38.566309;[{"uri":"http://pleiades.stoa.org/places/619115","names":['Argustana']}];
bordeaux;bor_49;vologatis;http://linkedplaces.org/places/bor_49;Vologatis;5.5596675;44.5719477;[{"uri":"http://pleiades.stoa.org/places/167978","names":['Vologatae']}];
bordeaux;bor_182;arzo;http://linkedplaces.org/places/bor_182;Arzo;25.870228;42.077569;[{"uri":"http://pleiades.stoa.org/places/216714","names":['Arzus']}];
bordeaux;bor_126;serena;http://linkedplaces.org/places/bor_126;Serena;18.064;45.751;[{"uri":"http://pleiades.stoa.org/places/197507","names":['Serena']}];
bordeaux;bor_242;colonia;http://linkedplaces.org/places/bor_242;Colonia;34.028835;38.374149;[{"uri":"http://pleiades.stoa.org/places/619164","names":['Garsaura', 'Col. Claudia Archelais', 'Koloneia']}];
bordeaux;bor_183;palae;http://linkedplaces.org/places/bor_183;Palae;26.094954;41.933492;[{"uri":"http://pleiades.stoa.org/places/501384","names":['Castra Iarba']}];
bordeaux;bor_127;vereis;http://linkedplaces.org/places/bor_127;Vereis;18.267;45.731;[{"uri":"http://pleiades.stoa.org/places/197576","names":['Vereis']}];
bordeaux;bor_243;momoasson;http://linkedplaces.org/places/bor_243;Momoasson;34.167749;38.41672;[{"uri":"http://pleiades.stoa.org/places/619212","names":['Momasson']}];
bordeaux;bor_50;cambono;http://linkedplaces.org/places/bor_50;Cambono;5.684937;44.530062;[{"uri":"http://pleiades.stoa.org/places/167697","names":['Cambonum']}];
bordeaux;bor_185;rhamis;http://linkedplaces.org/places/bor_185;Rhamis;26.2019433;41.7654876;[{"uri":"http://pleiades.stoa.org/places/501381","names":['Bourdepa']}];
bordeaux;bor_244;anathiango;http://linkedplaces.org/places/bor_244;Anathiango;34.3497935;38.398047;[{"uri":"http://pleiades.stoa.org/places/619218","names":['Nandianulus', 'Nazianzos', 'Nadiandos']}];
bordeaux;bor_51;monte seleuci;http://linkedplaces.org/places/bor_51;Monte Seleuci;5.75141;44.457432;[{"uri":"http://pleiades.stoa.org/places/167836","names":['Mons Seleucus']}];
bordeaux;bor_128;ioualia;http://linkedplaces.org/places/bor_128;Ioualia;18.4171;45.6589;[{"uri":"http://pleiades.stoa.org/places/197325","names":['Iovalia']}];
bordeaux;bor_186;burdista;http://linkedplaces.org/places/bor_186;Burdista;26.823461;41.549461;[{"uri":"http://pleiades.stoa.org/places/501526","names":['Nike']}];
bordeaux;bor_245;chusa;http://linkedplaces.org/places/bor_245;Chusa;34.448556;38.376942;[{"uri":"http://pleiades.stoa.org/places/619139","names":['Chusa']}];
bordeaux;bor_129;mersella;http://linkedplaces.org/places/bor_129;Mersella;18.5369372;45.6163502;[{"uri":"http://pleiades.stoa.org/places/197391","names":['Mursella', 'Mursa Minor', 'Mersella']}];
bordeaux;bor_52;dauiano;http://linkedplaces.org/places/bor_52;Dauiano;5.8211;44.5337;[{"uri":"http://pleiades.stoa.org/places/167738","names":['Davianum']}];
bordeaux;bor_187;daphabae;http://linkedplaces.org/places/bor_187;Daphabae;27.354053;41.846659;[{"uri":"http://pleiades.stoa.org/places/511428","names":['Tarpodizo']}];
bordeaux;bor_246;sasima;http://linkedplaces.org/places/bor_246;Sasima;34.6292035;38.2298035;[{"uri":"http://pleiades.stoa.org/places/619256","names":['Sasima']}];
bordeaux;bor_130;mursa;http://linkedplaces.org/places/bor_130;Mursa;18.6758848;45.5600028;[{"uri":"http://pleiades.stoa.org/places/197389","names":['Mursa', 'Osijek']}];
bordeaux;bor_53;ad finem;http://linkedplaces.org/places/bor_53;Ad Finem;5.958459;44.563424;[{"uri":"http://pleiades.stoa.org/places/167615","names":['Ad Finem']}];
bordeaux;bor_188;nicae;http://linkedplaces.org/places/bor_188;Nicae;27.238012;41.41929;[{"uri":"http://pleiades.stoa.org/places/511458","names":['Urisio']}];
bordeaux;bor_247;andauilis;http://linkedplaces.org/places/bor_247;Andauilis;34.67349;38.0394955;[{"uri":"http://pleiades.stoa.org/places/619104","names":['Andabalis']}];
bordeaux;bor_54;vappinco;http://linkedplaces.org/places/bor_54;Vappinco;6.0781;44.55823;[{"uri":"http://pleiades.stoa.org/places/167954","names":['Vappincum']}];
bordeaux;bor_131;leutuoano;http://linkedplaces.org/places/bor_131;Leutuoano;18.856;45.422;[{"uri":"http://pleiades.stoa.org/places/197065","names":['Ad Labores Pontis Ulcae', 'Leutuoano']}];
bordeaux;bor_11;ad sextum;http://linkedplaces.org/places/bor_11;Ad Sextum;0.733189;43.64785;[{"uri":"http://pleiades.stoa.org/places/246141","names":[]}];
bordeaux;bor_189;tarpodizo;http://linkedplaces.org/places/bor_189;Tarpodizo;27.36121;41.41621;[{"uri":"http://pleiades.stoa.org/places/511185","names":[' Bergoule', ' Bergule', 'Arkadioupolis']}];
bordeaux;bor_55;catorigas;http://linkedplaces.org/places/bor_55;Catorigas;6.275977;44.544438;[{"uri":"http://pleiades.stoa.org/places/167701","names":['Caturigomagus']}];
bordeaux;bor_132;cibalis;http://linkedplaces.org/places/bor_132;Cibalis;18.8010483;45.2910248;[{"uri":"http://pleiades.stoa.org/places/197207","names":['Cibalae']}];
bordeaux;bor_190;vrisio;http://linkedplaces.org/places/bor_190;Vrisio;27.469038;41.346417;[{"uri":"http://pleiades.stoa.org/places/511331","names":['Narco']}];
bordeaux;bor_56;ebreduno;http://linkedplaces.org/places/bor_56;Ebreduno;6.495055;44.562348;[{"uri":"http://pleiades.stoa.org/places/167750","names":['Eburodunum', 'Ebrudunum', 'Ebrodunum']}];
bordeaux;bor_133;caelena;http://linkedplaces.org/places/bor_133;Caelena;18.985;45.215;[{"uri":"http://pleiades.stoa.org/places/197204","names":['Causilena']}];
bordeaux;bor_191;virgoles;http://linkedplaces.org/places/bor_191;Virgoles;27.543955;41.300089;[{"uri":"http://pleiades.stoa.org/places/511241","names":[' Drousipara', ' Drusipara']}];
bordeaux;bor_142;singiduno;http://linkedplaces.org/places/bor_142;Singiduno;20.4503;44.8236;[{"uri":"http://pleiades.stoa.org/places/207443","names":['Singidunum', 'Beograd']}];
bordeaux;bor_258;tardequeia;http://linkedplaces.org/places/bor_258;Tardequeia;35.88579;36.93717;[{"uri":"http://pleiades.stoa.org/places/658610","names":['Tardequeia']}];
bordeaux;bor_80;tellegate;http://linkedplaces.org/places/bor_80;Tellegate;9.85393;45.62681;[{"uri":"http://pleiades.stoa.org/places/383796","names":['Tellegate']}];
bordeaux;bor_2;stomatas;http://linkedplaces.org/places/bor_2;Stomatas;-0.527753;44.68148;[{"uri":"http://pleiades.stoa.org/places/138599","names":['Stomatas']}];
bordeaux;bor_259;catauolo;http://linkedplaces.org/places/bor_259;Catauolo;35.98137;36.91741;[{"uri":"http://pleiades.stoa.org/places/658506","names":['Katabolos', 'Moutloubake']}];
bordeaux;bor_81;tetellus;http://linkedplaces.org/places/bor_81;Tetellus;10.07348;45.55597;[{"uri":"http://pleiades.stoa.org/places/383797","names":['Tetellus']}];
bordeaux;bor_202;pandicia;http://linkedplaces.org/places/bor_202;Pandicia;29.23513;40.876585;[{"uri":"http://pleiades.stoa.org/places/521106","names":['Panteichion']}];
bordeaux;bor_3;sirione;http://linkedplaces.org/places/bor_3;Sirione;-0.337996;44.631404;[{"uri":"http://pleiades.stoa.org/places/138593","names":['Sirio']}];
bordeaux;bor_82;brixa;http://linkedplaces.org/places/bor_82;Brixa;10.2229;45.5398;[{"uri":"http://pleiades.stoa.org/places/383603","names":['Brixia', 'Brescia']}];
bordeaux;bor_289;maximianopoli;http://linkedplaces.org/places/bor_289;Maximianopoli;35.18452;32.58505;[{"uri":"http://pleiades.stoa.org/places/678266","names":['Legio', 'Caporcotani', 'Maximianopolis']}];
bordeaux;bor_4;vasatas;http://linkedplaces.org/places/bor_4;Vasatas;-0.20973;44.43146;[{"uri":"http://pleiades.stoa.org/places/138313","names":['Cossium', 'Civitas Vasatica', 'Vasates']}];
bordeaux;bor_203;pontamus;http://linkedplaces.org/places/bor_203;Pontamus;29.379823;40.798384;[{"uri":"http://pleiades.stoa.org/places/511371","names":['Potamoi']}];
bordeaux;bor_261;alexandria scabiosa;http://linkedplaces.org/places/bor_261;Alexandria Scabiosa;36.166038;36.589023;[{"uri":"http://pleiades.stoa.org/places/658371","names":['Alexandria ad Issum', 'Alexandretta', 'İskenderum', 'Alexandrette', 'Iskenderun', 'İskenderun, Iskenderun, Iskenderum', 'İskenderun, Iskenderun, Iskenderum', 'Alexandreia bei Issos, Alexandreia on the Issos', 'al-Iskandarūna', 'Iskandarūn, Iskandarun, al-Iskandaruna', 'Iskandarīya', 'al-Iskandarīya, al-Iskandariya, el-Iskanderiye, al-Iskandariyah, el-Iskanderiyeh, al-Iskandariyya, el-Iskanderiyye, al-Iskandariyyah, el-Iskanderiyyeh, Iskandariya', 'Alexandreia', 'Alexandreia kat Isson', "Alexandreia kat' Isson, Alexandreia kat Isson"]}];
bordeaux;bor_83;ad flexum;http://linkedplaces.org/places/bor_83;Ad Flexum;10.60554;45.46587;[{"uri":"http://pleiades.stoa.org/places/383546","names":['Ad Flexum', 'Sermione Mansio']}];
bordeaux;bor_143;tricornia castra;http://linkedplaces.org/places/bor_143;Tricornia Castra;20.65;44.7333333;[{"uri":"http://pleiades.stoa.org/places/207515","names":['Tricornium']}];
bordeaux;bor_5;tres arbores;http://linkedplaces.org/places/bor_5;Tres Arbores;-0.105492;44.341177;[{"uri":"http://pleiades.stoa.org/places/138626","names":['Tres Arbores']}];
bordeaux;bor_204;libissa;http://linkedplaces.org/places/bor_204;Libissa;29.539812;40.769562;[{"uri":"http://pleiades.stoa.org/places/511305","names":['Libyssa']}];
bordeaux;bor_290;isdradela;http://linkedplaces.org/places/bor_290;Isdradela;35.32843;32.55693;[{"uri":"http://pleiades.stoa.org/places/678197","names":['Iezreel', 'Isdradela']}];
bordeaux;bor_84;beneuentum;http://linkedplaces.org/places/bor_84;Beneuentum;10.72455;45.43802;[{"uri":"http://pleiades.stoa.org/places/383588","names":['Beneventum']}];
bordeaux;bor_262;pictanus;http://linkedplaces.org/places/bor_262;Pictanus;36.19513;36.488437;[{"uri":"http://pleiades.stoa.org/places/658573","names":['Platanoi', 'Pictanus']}];
bordeaux;bor_6;oscineio;http://linkedplaces.org/places/bor_6;Oscineio;0.033055;44.194914;[{"uri":"http://pleiades.stoa.org/places/138504","names":['Oscincium']}];
bordeaux;bor_85;verona;http://linkedplaces.org/places/bor_85;Verona;10.997007;45.447243;[{"uri":"http://pleiades.stoa.org/places/383816","names":['Verona']}];
bordeaux;bor_144;aureo monte;http://linkedplaces.org/places/bor_144;Aureo Monte;20.8186111;44.6363889;[{"uri":"http://pleiades.stoa.org/places/206938","names":['Aureus Mons']}];
bordeaux;bor_86;cadiano;http://linkedplaces.org/places/bor_86;Cadiano;11.178444;45.415315;[{"uri":"http://pleiades.stoa.org/places/393396","names":['Cadianum']}];
bordeaux;bor_7;scittio;http://linkedplaces.org/places/bor_7;Scittio;0.139726092;44.04268432;[{"uri":"http://pleiades.stoa.org/places/246662","names":['Sotium', 'Scittio']}];
bordeaux;bor_263;pagrios;http://linkedplaces.org/places/bor_263;Pagrios;36.224864;36.426652;[{"uri":"http://pleiades.stoa.org/places/658564","names":['Pagrae']}];
bordeaux;bor_87;aureos;http://linkedplaces.org/places/bor_87;Aureos;11.384537;45.457519;[{"uri":"http://pleiades.stoa.org/places/393387","names":['Auraei']}];
bordeaux;bor_145;vingeio;http://linkedplaces.org/places/bor_145;Vingeio;20.935513;44.651382;[{"uri":"http://pleiades.stoa.org/places/207550","names":['Vinceia']}];
bordeaux;bor_205;brunga;http://linkedplaces.org/places/bor_205;Brunga;29.701046;40.777757;[{"uri":"http://pleiades.stoa.org/places/511193","names":['Brunca']}];
bordeaux;bor_8;elusa;http://linkedplaces.org/places/bor_8;Elusa;0.1032;43.8611;[{"uri":"http://pleiades.stoa.org/places/246380","names":['Elusa', 'Elusates', 'Tasta', 'Eauze']}];
bordeaux;bor_264;antiochia;http://linkedplaces.org/places/bor_264;Antiochia;36.165318;36.200663;[{"uri":"http://pleiades.stoa.org/places/658381","names":['Antiochia', 'Theoupolis', 'Iopolis', 'Antiocheia epi Daphnē, Antiocheia on Daphne', 'Anṭaqya', 'Antiocheia', 'Antakya', 'Anṭākiya, Antakiya, Antakiyah, Antakiyya, Antakiyyah', 'Anṭaḳya, Antaqya', 'Anṭākya', 'Anṭakya, Antakya', 'Antiochia', 'Antiochia', 'Hatay', 'III Gallica (Vesp.) garrison, III Gallica (Vespasian) garrison', 'Antiocheia am Orontes', 'Antiocheia am Orontēs, Antiocheia epi Orontou, Antiocheia on the Orontes']}];
bordeaux;bor_146;margo;http://linkedplaces.org/places/bor_146;Margo;21.077871;44.696115;[{"uri":"http://pleiades.stoa.org/places/207267","names":['Margum']}];
bordeaux;bor_88;vincentia;http://linkedplaces.org/places/bor_88;Vincentia;11.5403;45.5459;[{"uri":"http://pleiades.stoa.org/places/393513","names":['Vicetia', 'Vicenza']}];
bordeaux;bor_260;baiae;http://linkedplaces.org/places/bor_260;Baiae;36.25;36.75;[{"uri":"http://pleiades.stoa.org/places/658394","names":['Baiae']}];
bordeaux;bor_60;ad marte;http://linkedplaces.org/places/bor_60;Ad Marte;6.8336348;45.0333246;[{"uri":"http://pleiades.stoa.org/places/167617","names":['Ad Martis']}];
bordeaux;bor_206;nicomedia;http://linkedplaces.org/places/bor_206;Nicomedia;29.923486;40.76445;[{"uri":"http://pleiades.stoa.org/places/511337","names":['Nicomedia', 'Nikomēdeia, Nikomedeia, Nikomedia', 'Nikomedia', 'Nikomēdia', 'Nikomedeia', 'Kocaeli, Kodjaeli, Kodja-Eli, Koja-Eli', 'İzmid, Izmid', 'İzniḳmid, Iznikmid, Izniqmid, Izniqmid', 'İznikmid, Iznikmid', 'İznikmit, Iznikmit', 'İzmit, Izmit, Ismid', 'Olbia', 'Niqumūdiya, Niqumudiya, Niqumudiyah, Niqumudiyya, Niqumudiyyah, Niqumudiye, Niqumudiyeh, Niqumudiyye, Niqumudiyyeh', 'Ismid']}];
bordeaux;bor_9;vanesia;http://linkedplaces.org/places/bor_9;Vanesia;0.377856;43.724899;[{"uri":"http://pleiades.stoa.org/places/246727","names":['Vanesia']}];
bordeaux;bor_291;scithopoli;http://linkedplaces.org/places/bor_291;Scithopoli;35.50196;32.502074;[{"uri":"http://pleiades.stoa.org/places/678378","names":['Scythopolis', 'Nysa']}];
bordeaux;bor_147;viminacio;http://linkedplaces.org/places/bor_147;Viminacio;21.216122;44.736776;[{"uri":"http://pleiades.stoa.org/places/207549","names":['Viminacium', 'Stari Kostolac']}];
bordeaux;bor_89;ad finem;http://linkedplaces.org/places/bor_89;Ad Finem;11.71983;45.46073;[{"uri":"http://pleiades.stoa.org/places/393361","names":['Ad Finem']}];
bordeaux;bor_10;auscius;http://linkedplaces.org/places/bor_10;Auscius;0.5852;43.6477;[{"uri":"http://pleiades.stoa.org/places/246379","names":['Elimberrum', 'Climberrum', 'Elimberrum Ausciorum Augusta', 'Auch']}];
bordeaux;bor_292;aser;http://linkedplaces.org/places/bor_292;Aser;35.396311;32.339109;[{"uri":"http://pleiades.stoa.org/places/678034","names":['Aser']}];
bordeaux;bor_90;pataui;http://linkedplaces.org/places/bor_90;Pataui;11.8766;45.4096;[{"uri":"http://pleiades.stoa.org/places/393473","names":['Patavium', 'Padova']}];
bordeaux;bor_91;ad duodecimum;http://linkedplaces.org/places/bor_91;Ad Duodecimum;12.10001;45.4132;[{"uri":"http://pleiades.stoa.org/places/393359","names":['Ad XII', 'Meduacus Maior']}];
bordeaux;bor_148;ad nonum;http://linkedplaces.org/places/bor_148;Ad Nonum;21.252172;44.625633;[{"uri":"http://pleiades.stoa.org/places/206887","names":['Ad Nonum']}];
bordeaux;bor_12;hungunuerro;http://linkedplaces.org/places/bor_12;Hungunuerro;0.91825;43.594998;[{"uri":"http://pleiades.stoa.org/places/246420","names":['Hungunverro']}];
bordeaux;bor_265;palatium dafne;http://linkedplaces.org/places/bor_265;Palatium Dafne;36.142802;36.130422;[{"uri":"http://pleiades.stoa.org/places/658450","names":['Daphne']}];
bordeaux;bor_92;ad nonum;http://linkedplaces.org/places/bor_92;Ad Nonum;12.2770176;45.4814175;[{"uri":"http://pleiades.stoa.org/places/393358","names":['Ad IX']}];
bordeaux;bor_13;bucconis;http://linkedplaces.org/places/bor_13;Bucconis;1.085786;43.611763;[{"uri":"http://pleiades.stoa.org/places/246260","names":['Bucconis']}];
bordeaux;bor_149;munecipio;http://linkedplaces.org/places/bor_149;Munecipio;21.320729;44.514234;[{"uri":"http://pleiades.stoa.org/places/207296","names":['Municipium']}];
bordeaux;bor_207;hyribolum;http://linkedplaces.org/places/bor_207;Hyribolum;29.8944;40.6939;[{"uri":"http://pleiades.stoa.org/places/511253","names":['Eribolon']}];
bordeaux;bor_93;altino;http://linkedplaces.org/places/bor_93;Altino;12.3994439;45.5462452;[{"uri":"http://pleiades.stoa.org/places/393374","names":['Altinum']}];
bordeaux;bor_266;hysdata;http://linkedplaces.org/places/bor_266;Hysdata;35.93815;36.11705;[{"uri":"http://pleiades.stoa.org/places/658483","names":['Hydatos Potamoi', 'Seleukeia Pieria']}];
bordeaux;bor_208;libum;http://linkedplaces.org/places/bor_208;Libum;29.686075;40.631587;[{"uri":"http://pleiades.stoa.org/places/511304","names":['Libum']}];
bordeaux;bor_150;iouis pago;http://linkedplaces.org/places/bor_150;Iouis Pago;21.32354;44.411467;[{"uri":"http://pleiades.stoa.org/places/207189","names":['Iovis Pagus']}];
bordeaux;bor_14;ad iouem;http://linkedplaces.org/places/bor_14;Ad Iouem;1.276984;43.604874;[{"uri":"http://pleiades.stoa.org/places/246136","names":['Ad Iovem']}];
bordeaux;bor_237;andrapa;http://linkedplaces.org/places/bor_237;Andrapa;33.533769;39.1327905;[{"uri":"http://pleiades.stoa.org/places/619106","names":['Andraka', 'Andrapa']}];
bordeaux;bor_94;sanos;http://linkedplaces.org/places/bor_94;Sanos;12.69068;45.71343;[{"uri":"http://pleiades.stoa.org/places/393369","names":['Ad Sanos']}];
bordeaux;bor_209;liada;http://linkedplaces.org/places/bor_209;Liada;29.668747;40.559956;[{"uri":"http://pleiades.stoa.org/places/511302","names":['Liada']}];
bordeaux;bor_151;bao;http://linkedplaces.org/places/bor_151;Bao;21.43527;44.317278;[{"uri":"http://pleiades.stoa.org/places/206958","names":['Bao']}];
bordeaux;bor_15;tholosa;http://linkedplaces.org/places/bor_15;Tholosa;1.3976884;43.6147918;[{"uri":"http://pleiades.stoa.org/places/246694","names":['Tolosa', 'Col. Iulia Tolosa', 'Civ. Tectosagum', 'Tolosates', 'Toulouse']}];
bordeaux;bor_95;concordia;http://linkedplaces.org/places/bor_95;Concordia;12.84547;45.75594;[{"uri":"http://pleiades.stoa.org/places/393441","names":['Iulia Concordia']}];
bordeaux;bor_210;nicia;http://linkedplaces.org/places/bor_210;Nicia;29.715443;40.426679;[{"uri":"http://pleiades.stoa.org/places/511268","names":['Helikore', 'Nicaea']}];
bordeaux;bor_152;idomo;http://linkedplaces.org/places/bor_152;Idomo;21.345266;44.148941;[{"uri":"http://pleiades.stoa.org/places/207183","names":['Idimum']}];
bordeaux;bor_16;ad nonum;http://linkedplaces.org/places/bor_16;Ad Nonum;1.5179;43.4916;[{"uri":"http://pleiades.stoa.org/places/246137","names":['Ad Nonum']}];
bordeaux;bor_96;apicilia;http://linkedplaces.org/places/bor_96;Apicilia;12.98675;45.78756;[{"uri":"http://pleiades.stoa.org/places/187287","names":['Apicilia']}];
bordeaux;bor_211;schinae;http://linkedplaces.org/places/bor_211;Schinae;29.915044;40.413487;[{"uri":"http://pleiades.stoa.org/places/511412","names":['Schinae']}];
bordeaux;bor_153;ad octauum;http://linkedplaces.org/places/bor_153;Ad Octauum;21.313576;44.042641;[{"uri":"http://pleiades.stoa.org/places/206889","names":['Ad Octavum']}];
bordeaux;bor_17;ad vicesimum;http://linkedplaces.org/places/bor_17;Ad Vicesimum;1.668689;43.433758;[{"uri":"http://pleiades.stoa.org/places/246143","names":['Ad Vicesimum']}];
bordeaux;bor_267;ladica;http://linkedplaces.org/places/bor_267;Ladica;35.782047;35.513994;[{"uri":"http://pleiades.stoa.org/places/668290","names":['Laodicea', 'Laodikene', 'Mazabda']}];
bordeaux;bor_97;ad vndecimum;http://linkedplaces.org/places/bor_97;Ad Vndecimum;13.215652;45.833489;[{"uri":"http://pleiades.stoa.org/places/187260","names":['Ad Undecimum 1']}];
bordeaux;bor_212;mido;http://linkedplaces.org/places/bor_212;Mido;29.981601;40.36105;[{"uri":"http://pleiades.stoa.org/places/511326","names":['Mygdum', 'Midum']}];
bordeaux;bor_154;oromago;http://linkedplaces.org/places/bor_154;Oromago;21.37044;43.93376;[{"uri":"http://pleiades.stoa.org/places/207173","names":['Horreum Margi']}];
bordeaux;bor_268;gabala;http://linkedplaces.org/places/bor_268;Gabala;35.92429;35.36171;[{"uri":"http://pleiades.stoa.org/places/668250","names":['Gabala']}];
bordeaux;bor_18;elusione;http://linkedplaces.org/places/bor_18;Elusione;1.8173718;43.360676;[{"uri":"http://pleiades.stoa.org/places/246381","names":['Elusio', 'Elesiodulis', "Saint-Pierre-d'Alzonne, Montferrand"]}];
bordeaux;bor_213;chogeae;http://linkedplaces.org/places/bor_213;Chogeae;30.128565;40.289705;[{"uri":"http://pleiades.stoa.org/places/511210","names":['Chogeae']}];
bordeaux;bor_214;thateso;http://linkedplaces.org/places/bor_214;Thateso;30.24468;40.248889;[{"uri":"http://pleiades.stoa.org/places/511437","names":['Thateso']}];
bordeaux;bor_269;balaneas;http://linkedplaces.org/places/bor_269;Balaneas;35.928176;35.15354;[{"uri":"http://pleiades.stoa.org/places/668206","names":['Balanea', 'Leukas']}];
bordeaux;bor_19;sostomago;http://linkedplaces.org/places/bor_19;Sostomago;1.95681;43.31705;[{"uri":"http://pleiades.stoa.org/places/246660","names":['Sostomagus', 'Sextomagus', 'Castelnaudary']}];
bordeaux;bor_155;sarmatorum;http://linkedplaces.org/places/bor_155;Sarmatorum;21.408727;43.786788;[{"uri":"http://pleiades.stoa.org/places/207424","names":['Sarmates']}];
bordeaux;bor_20;hebromago;http://linkedplaces.org/places/bor_20;Hebromago;2.11342;43.24359;[{"uri":"http://pleiades.stoa.org/places/246413","names":['Hebromagus', 'Eburomagus', 'Bram']}];
bordeaux;bor_156;caminitas;http://linkedplaces.org/places/bor_156;Caminitas;21.54862;43.673017;[{"uri":"http://pleiades.stoa.org/places/207006","names":['Cametas']}];
bordeaux;bor_215;protunica;http://linkedplaces.org/places/bor_215;Protunica;30.3429555;40.286922;[{"uri":"http://pleiades.stoa.org/places/511431","names":['Tattaios']}];
bordeaux;bor_21;cedros;http://linkedplaces.org/places/bor_21;Cedros;2.2544606;43.225184;[{"uri":"http://pleiades.stoa.org/places/246320","names":['Cedros']}];
bordeaux;bor_270;maraccas;http://linkedplaces.org/places/bor_270;Maraccas;35.898709;35.041299;[{"uri":"http://pleiades.stoa.org/places/668305","names":['Maraccas']}];
bordeaux;bor_216;artemis;http://linkedplaces.org/places/bor_216;Artemis;30.489235;40.266892;[{"uri":"http://pleiades.stoa.org/places/511383","names":['Protunica']}];
bordeaux;bor_157;ipompeis;http://linkedplaces.org/places/bor_157;Ipompeis;21.610451;43.591955;[{"uri":"http://pleiades.stoa.org/places/207363","names":['Praesidium Pompei']}];
bordeaux;bor_22;castellum carcassone;http://linkedplaces.org/places/bor_22;Castellum Carcassone;2.364076;43.205842;[{"uri":"http://pleiades.stoa.org/places/246294","names":['Carcasso', 'Carcaso', 'Col. Iulia', 'Carcasum Volcarum Tectosagarum', 'Carcassonne']}];
bordeaux;bor_99;ad vndecimum;http://linkedplaces.org/places/bor_99;Ad Vndecimum;13.50011;45.89305;[{"uri":"http://pleiades.stoa.org/places/187261","names":['Ad Undecimum 2']}];
bordeaux;bor_271;antaradus;http://linkedplaces.org/places/bor_271;Antaradus;35.88929;34.884894;[{"uri":"http://pleiades.stoa.org/places/668190","names":['Antarados', 'Constantia']}];
bordeaux;bor_158;rampiana;http://linkedplaces.org/places/bor_158;Rampiana;21.790465;43.449749;[{"uri":"http://pleiades.stoa.org/places/207156","names":['Gramrianae', 'Rampiana']}];
bordeaux;bor_217;dablae;http://linkedplaces.org/places/bor_217;Dablae;30.682355;40.269618;[{"uri":"http://pleiades.stoa.org/places/844900","names":['Dableis']}];
bordeaux;bor_23;tricensimum;http://linkedplaces.org/places/bor_23;Tricensimum;2.4893213;43.1834709;[{"uri":"http://pleiades.stoa.org/places/246706","names":['Tricensimum']}];
bordeaux;bor_100;ad fornolus;http://linkedplaces.org/places/bor_100;Ad Fornolus;13.720575;45.8908528;[{"uri":"http://pleiades.stoa.org/places/197063","names":['Ad Fornulos']}];
bordeaux;bor_218;ceratae;http://linkedplaces.org/places/bor_218;Ceratae;30.874479;40.188973;[{"uri":"http://pleiades.stoa.org/places/844892","names":['Ceratae']}];
bordeaux;bor_159;naisso;http://linkedplaces.org/places/bor_159;Naisso;21.8927;43.3206;[{"uri":"http://pleiades.stoa.org/places/207303","names":['Naissus', 'Niš']}];
bordeaux;bor_24;hosuerbas;http://linkedplaces.org/places/bor_24;Hosuerbas;2.7599705;43.2016515;[{"uri":"http://pleiades.stoa.org/places/246720","names":['Usuerva', 'Husuerbas', 'Usuerna']}];
bordeaux;bor_101;castra;http://linkedplaces.org/places/bor_101;Castra;13.905216;45.889328;[{"uri":"http://pleiades.stoa.org/places/197276","names":['Fluvio Frigido', 'Castra']}];
bordeaux;bor_160;redicibus;http://linkedplaces.org/places/bor_160;Redicibus;22.050333;43.301181;[{"uri":"http://pleiades.stoa.org/places/207373","names":['Radices']}];
bordeaux;bor_25;narbone;http://linkedplaces.org/places/bor_25;Narbone;3.003611;43.184722;[{"uri":"http://pleiades.stoa.org/places/246347","names":['Col. Narbo Martius', 'Col. Iulia Paterna Claudia', 'Narbonne']}];
bordeaux;bor_102;alpes iuliae;http://linkedplaces.org/places/bor_102;Alpes Iuliae;14.11198;45.86363;[{"uri":"http://pleiades.stoa.org/places/197317","names":['In Alpe Iulia', 'Ad Pirum']}];
bordeaux;bor_161;vlmo;http://linkedplaces.org/places/bor_161;Vlmo;22.122538;43.334995;[{"uri":"http://pleiades.stoa.org/places/207526","names":['Ulmo']}];
bordeaux;bor_26;beterris;http://linkedplaces.org/places/bor_26;Beterris;3.2178;43.3416;[{"uri":"http://pleiades.stoa.org/places/148056","names":['Col. Baeterrae', 'Col. Victrix Iulia Paterna', 'Béziers']}];
bordeaux;bor_162;romansiana;http://linkedplaces.org/places/bor_162;Romansiana;22.31138;43.21804;[{"uri":"http://pleiades.stoa.org/places/207382","names":['Remesiana']}];
bordeaux;bor_219;dadastano;http://linkedplaces.org/places/bor_219;Dadastano;31.109549;40.195974;[{"uri":"http://pleiades.stoa.org/places/844901","names":['Dadastana']}];
bordeaux;bor_272;arcas;http://linkedplaces.org/places/bor_272;Arcas;36.04677;34.53049;[{"uri":"http://pleiades.stoa.org/places/668198","names":['Arca', 'Herakleia en Phoinike', 'Caesarea ad Libanum']}];
bordeaux;bor_27;cessarone;http://linkedplaces.org/places/bor_27;Cessarone;3.4206;43.3951;[{"uri":"http://pleiades.stoa.org/places/147997","names":['Araura', 'Cessero', 'Saint-Thibéry', 'Cesse Rone']}];
bordeaux;bor_220;trans monte;http://linkedplaces.org/places/bor_220;Trans Monte;31.22005;40.225726;[{"uri":"http://pleiades.stoa.org/places/845086","names":['Transmonte']}];
bordeaux;bor_163;latina;http://linkedplaces.org/places/bor_163;Latina;22.408397;43.196933;[{"uri":"http://pleiades.stoa.org/places/207235","names":['Latina']}];
bordeaux;bor_273;bruttus;http://linkedplaces.org/places/bor_273;Bruttus;35.980539;34.516197;[{"uri":"http://pleiades.stoa.org/places/668215","names":['Bruttus']}];
bordeaux;bor_103;longatico;http://linkedplaces.org/places/bor_103;Longatico;14.22982;45.91769;[{"uri":"http://pleiades.stoa.org/places/197357","names":['Longaticum']}];
bordeaux;bor_221;milia;http://linkedplaces.org/places/bor_221;Milia;31.342518;40.197085;[{"uri":"http://pleiades.stoa.org/places/845019","names":['Milia']}];
bordeaux;bor_164;turribus;http://linkedplaces.org/places/bor_164;Turribus;22.58733;43.15771;[{"uri":"http://pleiades.stoa.org/places/207521","names":['Turres']}];
bordeaux;bor_104;ad nonum;http://linkedplaces.org/places/bor_104;Ad Nonum;14.36629;46.00907;[{"uri":"http://pleiades.stoa.org/places/197076","names":['Ad Nonum']}];
bordeaux;bor_222;iuliopolis;http://linkedplaces.org/places/bor_222;Iuliopolis;31.6450025;40.107062;[{"uri":"http://pleiades.stoa.org/places/844935","names":['Gordioukome', 'Iuliopolis']}];
bordeaux;bor_28;sostantione;http://linkedplaces.org/places/bor_28;Sostantione;3.89573;43.64139;[{"uri":"http://pleiades.stoa.org/places/148202","names":['Sextantio', 'Substantion']}];
bordeaux;bor_275;triclis;http://linkedplaces.org/places/bor_275;Triclis;35.714518;34.304024;[{"uri":"http://pleiades.stoa.org/places/668392","names":['Trieres']}];
bordeaux;bor_165;translitis;http://linkedplaces.org/places/bor_165;Translitis;22.77965;43.01454;[{"uri":"http://pleiades.stoa.org/places/207509","names":['Translitis']}];
bordeaux;bor_105;emona;http://linkedplaces.org/places/bor_105;Emona;14.501095;46.047361;[{"uri":"http://pleiades.stoa.org/places/197258","names":['Emona', 'Ljubljana']}];
bordeaux;bor_254;tarso;http://linkedplaces.org/places/bor_254;Tarso;34.89592;36.91242;[{"uri":"http://pleiades.stoa.org/places/648789","names":['Tarsus', 'Antiochia ad Cydnum', 'Tarzi', 'Tarzu', 'Iouliopolis', 'Antiocheia', 'Antiocheia pros Kydnō, Antiocheia pros Kydno', 'Tarša, Tarsha, Tarsa', 'Taršıš', 'Taršiš, Tarshish', 'Taršiš, Tarshish', 'Tarsos', 'Tarson', 'Tarsus', 'Ṭarsus, Tarsus', 'Ṭarsūs, Tarsus', 'Gözlükule, Gözlü Kule', 'Gözlü Kule', 'Antiocheia in Persis, Antiocheia on the Kydnos']}];
bordeaux;bor_283;tyro;http://linkedplaces.org/places/bor_283;Tyro;35.209358;33.268071;[{"uri":"http://pleiades.stoa.org/places/678437","names":['Tyrus', 'Col. Septimia Severa', 'Ṣuru, Suru', 'Ṣūru, Suru', 'Ṭūrā, Tura', 'Ṣūr, Sur, Sour', 'Ṭūra', 'Tyr', 'Ṣor, Sor', 'Ṣor, Sor', 'Ṣurru, Surru', 'Sur', 'Tyrus', 'Tyrus', 'Colonia Sept. T.', 'Colonia Septimia T., Colonia Septimia Tyra, Colonia Sept. T., Col. Septimia T.', 'Col. Septimia T.', 'Tyros']}];
bordeaux;bor_223;hicronpotamum;http://linkedplaces.org/places/bor_223;Hicronpotamum;31.690195;40.082671;[{"uri":"http://pleiades.stoa.org/places/844946","names":['Hieronpotamon']}];
bordeaux;bor_29;ambrosi;http://linkedplaces.org/places/bor_29;Ambrosi;4.149532;43.715393;[{"uri":"http://pleiades.stoa.org/places/147990","names":['Ambrussum', 'Pont-Ambroix (Ambrussum)']}];
bordeaux;bor_276;bruttos alia;http://linkedplaces.org/places/bor_276;Bruttos Alia;35.65831;34.25516;[{"uri":"http://pleiades.stoa.org/places/668214","names":['Botrys']}];
bordeaux;bor_106;ad quartodecimo;http://linkedplaces.org/places/bor_106;Ad Quartodecimo;14.58867;46.14973;[{"uri":"http://pleiades.stoa.org/places/197082","names":['Ad Quartodecimum']}];
bordeaux;bor_166;ballanstra;http://linkedplaces.org/places/bor_166;Ballanstra;22.8681801;42.9940251;[{"uri":"http://pleiades.stoa.org/places/206955","names":['Ballanstra']}];
bordeaux;bor_30;nemauso;http://linkedplaces.org/places/bor_30;Nemauso;4.300122722;43.8864857;[{"uri":"http://pleiades.stoa.org/places/148142","names":['Nemausus', 'Nîmes', 'Nemausos']}];
bordeaux;bor_167;meldia;http://linkedplaces.org/places/bor_167;Meldia;22.92984;42.921675;[{"uri":"http://pleiades.stoa.org/places/207275","names":['Meldia']}];
bordeaux;bor_224;agannia;http://linkedplaces.org/places/bor_224;Agannia;31.9622515;40.0219715;[{"uri":"http://pleiades.stoa.org/places/609447","names":['Lagania', 'Anastasioupolis', 'Lagantine']}];
bordeaux;bor_277;alcobile;http://linkedplaces.org/places/bor_277;Alcobile;35.645732;34.119026;[{"uri":"http://pleiades.stoa.org/places/668216","names":['Byblos', 'Byblos', 'Ǧubail', 'Gǝbȧl', 'Gǝbal, Gebal', 'Ǧubail, Jubail, Jubeil, Jubayl, Jubeyl, Jubiyl', 'gbl', 'Gibelet, Giblet', 'Gubl', 'Gubla', 'Gubla', 'Gubla', 'Ǧubēl, Jubel, Jbeil']}];
bordeaux;bor_107;hadrante;http://linkedplaces.org/places/bor_107;Hadrante;14.883019;46.188078;[{"uri":"http://pleiades.stoa.org/places/197147","names":['Atrans']}];
bordeaux;bor_31;ponte aerarium;http://linkedplaces.org/places/bor_31;Ponte Aerarium;4.5144978;43.753814;[{"uri":"http://pleiades.stoa.org/places/148160","names":['Pons Aerarius']}];
bordeaux;bor_225;petrobrogen;http://linkedplaces.org/places/bor_225;Petrobrogen;32.016977;40.053953;[{"uri":"http://pleiades.stoa.org/places/845038","names":['Petobrogen']}];
bordeaux;bor_168;scretisca;http://linkedplaces.org/places/bor_168;Scretisca;23.2154337;42.8130176;[{"uri":"http://pleiades.stoa.org/places/207435","names":['Scretisca']}];
bordeaux;bor_278;heldua;http://linkedplaces.org/places/bor_278;Heldua;35.491876;33.807178;[{"uri":"http://pleiades.stoa.org/places/678177","names":['Heldua']}];
bordeaux;bor_32;arelate;http://linkedplaces.org/places/bor_32;Arelate;4.62266;43.67586;[{"uri":"http://pleiades.stoa.org/places/148217","names":['Theline', 'Col. Arelate', 'Constantina', 'Col. Iulia Paterna Sextanorum Arelate', 'Arles']}];
bordeaux;bor_136;vedulia;http://linkedplaces.org/places/bor_136;Vedulia;19.463;45.01;[{"uri":"http://pleiades.stoa.org/places/206995","names":['Budalia']}];
bordeaux;bor_249;faustinopoli;http://linkedplaces.org/places/bor_249;Faustinopoli;34.723587;37.659399;[{"uri":"http://pleiades.stoa.org/places/648608","names":['Col. Faustinopolis', 'Halala']}];
bordeaux;bor_279;birito;http://linkedplaces.org/places/bor_279;Birito;35.501176;33.897902;[{"uri":"http://pleiades.stoa.org/places/678060","names":['Berytus', 'Laodikeia en te Phoinike', 'Col. Iulia Augusta Felix', 'Lattaquié', 'Beirut', 'Bēt Lāpaṭ', 'Bēt Lāpāṭ, Bet Lapat, Bet Lapath', 'Col. Iul. Aug. Fel. B., Col. Jul. Aug. Fel. B.', 'Biruta', 'Berot', 'Barut', 'Baruth', 'Bērūt, Berut', 'Bērytos, Berytos', 'Berytos', 'Bairūt, Bairut, Bayrut, Beyrut', 'Laodikeia, Laodicea', 'Colonia Julia Augusta B., Colonia Iulia Augusta B.', 'Beirut', 'Beirut', 'Colonia Jul. Aug. Fel. B., Colonia Iul. Aug. Fel. B.']}];
bordeaux;bor_108;ad medias;http://linkedplaces.org/places/bor_108;Ad Medias;15.099633;46.263669;[{"uri":"http://pleiades.stoa.org/places/197072","names":['Ad Medias']}];
bordeaux;bor_226;mnizos;http://linkedplaces.org/places/bor_226;Mnizos;32.2489715;40.04443;[{"uri":"http://pleiades.stoa.org/places/845020","names":['Mnizos']}];
bordeaux;bor_169;serdica;http://linkedplaces.org/places/bor_169;Serdica;23.3221545;42.6976489;[{"uri":"http://pleiades.stoa.org/places/207439","names":['Serdica', 'Sofia']}];
bordeaux;bor_280;parphirion;http://linkedplaces.org/places/bor_280;Parphirion;35.4202;33.6682;[{"uri":"http://pleiades.stoa.org/places/678338","names":['Porphyreon Polis']}];
bordeaux;bor_227;prasmon;http://linkedplaces.org/places/bor_227;Prasmon;32.249382;40.109949;[{"uri":"http://pleiades.stoa.org/places/845047","names":['Prasmon']}];
bordeaux;bor_109;celeia;http://linkedplaces.org/places/bor_109;Celeia;15.2602936;46.231018;[{"uri":"http://pleiades.stoa.org/places/197206","names":['Celeia', 'Celje']}];
bordeaux;bor_228;malogordis;http://linkedplaces.org/places/bor_228;Malogordis;32.429558;40.084044;[{"uri":"http://pleiades.stoa.org/places/845011","names":['Manegordo']}];
bordeaux;bor_281;sidona;http://linkedplaces.org/places/bor_281;Sidona;35.371208;33.560243;[{"uri":"http://pleiades.stoa.org/places/678393","names":['Sidon', 'Col. Aurelia Pia', 'Saiete, Sayete', 'ṣdn', 'ṣdn', 'Sydon', 'Saidā', 'Ṣaidā, Saida, Sayda', 'Ṣaida', 'Ṣaidā', 'Ṣidon, Sidon', 'Ṣidon, Sidon', 'Sidon', 'Sidōn, Sidon', 'Ṣidunu, Sidunu', 'Ṣīdūnu, Sidunu', 'Sidūnu, Sidunu', 'Ṣidūnu', 'Colonia Aur. Pia S.', 'Colonia Aurelia Pia S., Colonia Aur. Pia S., Colonia Aurelia Pia Sidon', 'Seete']}];
bordeaux;bor_110;lotodos;http://linkedplaces.org/places/bor_110;Lotodos;15.3644038;46.3629738;[{"uri":"http://pleiades.stoa.org/places/197069","names":['Ad Lotodos']}];
bordeaux;bor_282;sarepta;http://linkedplaces.org/places/bor_282;Sarepta;35.295048;33.46431;[{"uri":"http://pleiades.stoa.org/places/678374","names":['Sarepta', 'Makra Kome']}];
bordeaux;bor_229;cenaxem palidem;http://linkedplaces.org/places/bor_229;Cenaxem Palidem;32.6625835;39.9844845;[{"uri":"http://pleiades.stoa.org/places/619136","names":['Cenaxis Palus']}];
bordeaux;bor_111;ragindone;http://linkedplaces.org/places/bor_111;Ragindone;15.5;46.351;[{"uri":"http://pleiades.stoa.org/places/197467","names":['Ragando']}];
bordeaux;bor_33;arnagine;http://linkedplaces.org/places/bor_33;Arnagine;4.6980992;43.7666736;[{"uri":"http://pleiades.stoa.org/places/148074","names":['Ernaginum']}];
bordeaux;bor_170;extuomne;http://linkedplaces.org/places/bor_170;Extuomne;23.4647832;42.6593666;[{"uri":"http://pleiades.stoa.org/places/481835","names":['Extuomne']}];
bordeaux;bor_112;pultouia;http://linkedplaces.org/places/bor_112;Pultouia;15.69058;46.40644;[{"uri":"http://pleiades.stoa.org/places/197460","names":['Pultovia']}];
bordeaux;bor_34;bellinto;http://linkedplaces.org/places/bor_34;Bellinto;4.78;43.883;[{"uri":"http://pleiades.stoa.org/places/148019","names":['Bellintum']}];
bordeaux;bor_171;buragara;http://linkedplaces.org/places/bor_171;Buragara;23.619393;42.649254;[{"uri":"http://pleiades.stoa.org/places/481775","names":['Burgaraca']}];
bordeaux;bor_113;poetouione;http://linkedplaces.org/places/bor_113;Poetouione;15.8699813;46.4199885;[{"uri":"http://pleiades.stoa.org/places/197446","names":['Poetovio']}];
bordeaux;bor_35;auenione;http://linkedplaces.org/places/bor_35;Auenione;4.80769;43.95159;[{"uri":"http://pleiades.stoa.org/places/148004","names":['Avennio', 'Avignon']}];
bordeaux;bor_172;sparata;http://linkedplaces.org/places/bor_172;Sparata;23.7097576;42.5593528;[{"uri":"http://pleiades.stoa.org/places/481998","names":['Sparata']}];
bordeaux;bor_36;cypresseta;http://linkedplaces.org/places/bor_36;Cypresseta;4.8727;44.0125;[{"uri":"http://pleiades.stoa.org/places/148065","names":['Cypresseta']}];
bordeaux;bor_173;hilica;http://linkedplaces.org/places/bor_173;Hilica;23.8161718;42.4382418;[{"uri":"http://pleiades.stoa.org/places/481860","names":['Helice']}];
bordeaux;bor_37;arausione;http://linkedplaces.org/places/bor_37;Arausione;4.807393;44.138048;[{"uri":"http://pleiades.stoa.org/places/148054","names":['Col. Arausio', 'Col. Firma Iulia Arausio Secundanorum', 'Orange']}];
bordeaux;bor_174;soneio;http://linkedplaces.org/places/bor_174;Soneio;23.922456;42.356859;[{"uri":"http://pleiades.stoa.org/places/481996","names":['Soneio']}];
bordeaux;bor_114;ramista;http://linkedplaces.org/places/bor_114;Ramista;16.038;46.405;[{"uri":"http://pleiades.stoa.org/places/197468","names":['Ramista', 'Formin']}];
bordeaux;bor_38;ad letoce;http://linkedplaces.org/places/bor_38;Ad Letoce;4.758859;44.319455;[{"uri":"http://pleiades.stoa.org/places/167616","names":['Ad Letoce']}];
bordeaux;bor_115;aqua viua;http://linkedplaces.org/places/bor_115;Aqua Viua;16.233;46.344;[{"uri":"http://pleiades.stoa.org/places/197129","names":['Aqua Viva']}];
bordeaux;bor_232;curueunta;http://linkedplaces.org/places/bor_232;Curueunta;32.87447;39.69484;[{"uri":"http://pleiades.stoa.org/places/619167","names":['Gorbeus']}];
bordeaux;bor_294;hierusalem;http://linkedplaces.org/places/bor_294;Hierusalem;35.234167;31.776667;[{"uri":"http://pleiades.stoa.org/places/687928","names":['Ierusalem', 'Hierosolyma', 'Col. Aelia Capitolina', 'Colonia Aelia Capitolina', 'Ailia', 'Aelia Capitolina', 'Yǝrušalayim', 'Yėrūšalayim', 'Yǝrūšȧlayim', "Īliyāʾ, Iliya', Iliya, Iliya, Iliya", "Īliyā, Īliyāʾ, Īlyāʾ, Ilya', Ilya, Iliya, Iliya'", 'Quds-e Šerīf, Quds-e Sherif', 'Quds-i Šerīf, Quds-i Sherif', 'Bait al-Maqdis, Bayt al-Maqdis, Beit el-Maqdis, Beyt el-Maqdis, Bayt al-Muqaddas, Bait al-Muqaddas, Beyt el-Muqaddas, Beit el-Muqaddas', 'Ursalimmu', 'Ursalimmu', 'Jerusalem', 'Jerusalem', 'Ierousalēm, Ierousalem, Jerousalem', 'yrwšlm', 'al-Quds, el-Quds, al-Kuds', 'Quds-i Šarīf, Quds-i Sharif', 'al Quds, el Quds', 'Quds', 'Hierosolyma', 'Urusalim', 'Yǝrušȧlayim, Yerushalayim', 'Yǝrušȧlayim, Yerushalayim', 'Yǝrušȧlayim, Yerushalayim']}];
bordeaux;bor_288;caesarea palestina;http://linkedplaces.org/places/bor_288;Caesarea Palestina;34.8912663;32.4987775;[{"uri":"http://pleiades.stoa.org/places/678401","names":['Stratonos Pyrgos', 'Caesarea', 'Kaisareia Paralios', 'Cesarea Palestinae', 'Caesarea Maritima']}];
bordeaux;bor_137;sirmium;http://linkedplaces.org/places/bor_137;Sirmium;19.61017;44.96648;[{"uri":"http://pleiades.stoa.org/places/207447","names":['Sirmium', 'Sremska Mitrovica']}];
bordeaux;bor_1;burdigala;http://linkedplaces.org/places/bor_1;Burdigala;-0.57918;44.837789;[{"uri":"http://pleiades.stoa.org/places/138248","names":['Burdigala', 'Burdigalenses', 'Bordeaux']}];
bordeaux;bor_98;aquileia;http://linkedplaces.org/places/bor_98;Aquileia;13.370946;45.769631;[{"uri":"http://pleiades.stoa.org/places/187290","names":['Aquileia', 'Aquileia']}];
bordeaux;bor_295;ad sextum miliarem;http://linkedplaces.org/places/bor_295;Ad Sextum Miliarem;20.717212;44.669976;[{"uri":"http://pleiades.stoa.org/places/206893","names":['Ad Sextum Miliarem']}];
bordeaux;bor_274;tripoli;http://linkedplaces.org/places/bor_274;Tripoli;35.812;34.449;[{"uri":"http://pleiades.stoa.org/places/668394","names":['Tripolis', 'Tripolis', 'Ṭarābulus, Tarabulus', 'al-Mīnā', "al-Mīnāʾ, al-Mina, el-Mina, al-Mina', el-Mina'", 'Tripolis', 'Tripolis', 'Waḫliya, Wakhliya, Wahliya', 'Ṭrāblus, Trablus', 'Ṭarābulus aš-Šām, Tarabulus ash-Sham, Tarabulus esh-Sham, Tarabulus al-Sham, Tarabulus el-Sham, Tarablus ash-Sham, Tarablus esh-Sham, Tarablus al-Sham, Tarablus el-Sham', 'Ṭarābulus, Tarabulus, Tarablus', 'Ṭarāblus', 'Tripoli', 'Tripoli']}];
bordeaux;bor_293;neapoli;http://linkedplaces.org/places/bor_293;Neapoli;35.26293;32.216511;[{"uri":"http://pleiades.stoa.org/places/678301","names":['Neapolis']}];
bordeaux;bor_122;cocconis;http://linkedplaces.org/places/bor_122;Cocconis;17.74;45.805;[{"uri":"http://pleiades.stoa.org/places/197215","names":['Cocconis']}];
bordeaux;bor_178;sernota;http://linkedplaces.org/places/bor_178;Sernota;24.932699;42.187336;[{"uri":"http://pleiades.stoa.org/places/216980","names":['Sernota']}];
bordeaux;bor_201;nassete;http://linkedplaces.org/places/bor_201;Nassete;29.131811;40.918692;[{"uri":"http://pleiades.stoa.org/places/521092","names":['Nassete']}];
bordeaux;bor_46;darentiaca;http://linkedplaces.org/places/bor_46;Darentiaca;5.197155;44.697838;[{"uri":"http://pleiades.stoa.org/places/167737","names":['Darentiaca']}];
bordeaux;bor_123;serota;http://linkedplaces.org/places/bor_123;Serota;17.3837765;45.8334097;[{"uri":"http://pleiades.stoa.org/places/197508","names":['Serota']}];
bordeaux;bor_238;parnasso;http://linkedplaces.org/places/bor_238;Parnasso;33.586987;39.054632;[{"uri":"http://pleiades.stoa.org/places/619235","names":['Parnassos']}];
bordeaux;bor_195;heraclea;http://linkedplaces.org/places/bor_195;Heraclea;27.95454;40.97089;[{"uri":"http://pleiades.stoa.org/places/511357","names":['Perinthus', 'Heraclea']}];
bordeaux;bor_252;pilas;http://linkedplaces.org/places/bor_252;Pilas;34.78691;37.28325;[{"uri":"http://pleiades.stoa.org/places/648670","names":['Kilikiai Pylai', 'Cilician Gate', 'Gülek Bogazi, Gulek Bogazi']}];
bordeaux;bor_230;anchira galatia;http://linkedplaces.org/places/bor_230;Anchira Galatia;32.858128;39.944387;[{"uri":"http://pleiades.stoa.org/places/619103","names":['Ancyra', 'Angūriyah', 'Sebastē Tektosagōn, Sebaste Tektosagon', 'Angūriya, Anguriya', 'Anqara', 'Anqara', 'Anqīra, Anqira', 'Ankara', 'Anḳara, Ankara, Anqara', 'Ankyra', 'Ankara Z.A.', 'Ankūrīye, Ankuriye, Ankuriya', 'Ankūriya', 'Angora', 'Engürü, Enguru']}];
bordeaux;bor_231;delemna;http://linkedplaces.org/places/bor_231;Delemna;32.75;39.75;[{"uri":"http://pleiades.stoa.org/places/619161","names":['Galatia']}];
bordeaux;bor_200;constantinopoli;http://linkedplaces.org/places/bor_200;Constantinopoli;28.975926;41.012379;[{"uri":"http://pleiades.stoa.org/places/520998","names":['Constantinopolis', 'Istanbul']}];
bordeaux;bor_76;mediolanum;http://linkedplaces.org/places/bor_76;Mediolanum;9.1881;45.4637;[{"uri":"http://pleiades.stoa.org/places/383706","names":['Mediolanium', 'Mediolanum', 'Milan', 'Milano']}];
bordeaux;bor_138;fossis;http://linkedplaces.org/places/bor_138;Fossis;19.743;44.966;[{"uri":"http://pleiades.stoa.org/places/207120","names":['Fossae']}];
bordeaux;bor_139;bassianis;http://linkedplaces.org/places/bor_139;Bassianis;19.97406;44.9707;[{"uri":"http://pleiades.stoa.org/places/206960","names":['Bassiana']}];
bordeaux;bor_255;pargais;http://linkedplaces.org/places/bor_255;Pargais;35.1059765;36.9712975;[{"uri":"http://pleiades.stoa.org/places/648733","names":['Pargais']}];
bordeaux;bor_77;argentea;http://linkedplaces.org/places/bor_77;Argentea;9.40846;45.53126;[{"uri":"http://pleiades.stoa.org/places/383575","names":['Argentea']}];
bordeaux;bor_140;nouiciani;http://linkedplaces.org/places/bor_140;Nouiciani;20.5;44.5;[{"uri":"http://pleiades.stoa.org/places/207313","names":['Noviciani']}];
bordeaux;bor_39;nouem craris;http://linkedplaces.org/places/bor_39;Nouem Craris;4.74316;44.413686;[{"uri":"http://pleiades.stoa.org/places/167856","names":['Novem Craris', 'Le Logis de Berre']}];
bordeaux;bor_256;adana;http://linkedplaces.org/places/bor_256;Adana;35.334166;36.985809;[{"uri":"http://pleiades.stoa.org/places/648548","names":['Adana', 'Antiochia ad Sarum', 'Antiocheia', 'ʾdn', 'Antiocheia pros Sarō, Antiocheia pros Saro', 'Adana', 'Adana', 'Adana', 'Adana', 'Aḏana, Adhana, Adana', 'Antiocheia am Saros', 'Atanija, Ataniya', 'Aḍana, Adhana']}];
bordeaux;bor_78;ponte aureoli;http://linkedplaces.org/places/bor_78;Ponte Aureoli;9.53731;45.57757;[{"uri":"http://pleiades.stoa.org/places/383747","names":['Pons Aureoli']}];
bordeaux;bor_141;altina;http://linkedplaces.org/places/bor_141;Altina;20.2747222;44.7891667;[{"uri":"http://pleiades.stoa.org/places/206913","names":['Altina']}];
bordeaux;bor_257;mansista;http://linkedplaces.org/places/bor_257;Mansista;35.62389;36.95779;[{"uri":"http://pleiades.stoa.org/places/658538","names":['Mopsouhestia', 'Mopsouestia', 'Seleukeia pros to Pyramo', 'Mopsus', 'Misis']}];
bordeaux;bor_79;bergamo;http://linkedplaces.org/places/bor_79;Bergamo;9.6687;45.6947;[{"uri":"http://pleiades.stoa.org/places/383589","names":['Bergomum']}];
bordeaux;bor_116;populis;http://linkedplaces.org/places/bor_116;Populis;16.334;46.31;[{"uri":"http://pleiades.stoa.org/places/197454","names":['Populi']}];
bordeaux;bor_233;rosolodiaco;http://linkedplaces.org/places/bor_233;Rosolodiaco;32.896893;39.588876;[{"uri":"http://pleiades.stoa.org/places/619228","names":['Orsologiakos', 'Rosolodiacus']}];
bordeaux;bor_284;alexandroschene;http://linkedplaces.org/places/bor_284;Alexandroschene;35.171988;33.155659;[{"uri":"http://pleiades.stoa.org/places/678013","names":['Alexandroschene']}];
bordeaux;bor_40;acuno;http://linkedplaces.org/places/bor_40;Acuno;4.78607;44.55356;[{"uri":"http://pleiades.stoa.org/places/167627","names":['Akousion', 'Acunum']}];
bordeaux;bor_117;iouia;http://linkedplaces.org/places/bor_117;Iouia;16.6150889;46.2537624;[{"uri":"http://pleiades.stoa.org/places/197326","names":['Iovia']}];
bordeaux;bor_234;aliassum;http://linkedplaces.org/places/bor_234;Aliassum;33.0678125;39.4528865;[{"uri":"http://pleiades.stoa.org/places/619102","names":['Aliassum']}];
bordeaux;bor_41;bantianis;http://linkedplaces.org/places/bor_41;Bantianis;4.800244;44.706103;[{"uri":"http://pleiades.stoa.org/places/167668","names":['Batiana']}];
bordeaux;bor_285;ecdeppa;http://linkedplaces.org/places/bor_285;Ecdeppa;35.10194;33.04858;[{"uri":"http://pleiades.stoa.org/places/678128","names":['Ekdippa']}];
bordeaux;bor_118;sunista;http://linkedplaces.org/places/bor_118;Sunista;16.766;46.186;[{"uri":"http://pleiades.stoa.org/places/197522","names":['Sonista']}];
bordeaux;bor_235;aspona;http://linkedplaces.org/places/bor_235;Aspona;33.289354;39.309426;[{"uri":"http://pleiades.stoa.org/places/619118","names":['Aspona']}];
bordeaux;bor_134;vlmo;http://linkedplaces.org/places/bor_134;Vlmo;19.1515532;45.1640611;[{"uri":"http://pleiades.stoa.org/places/207525","names":['Ulmo']}];
bordeaux;bor_286;ptolomaida;http://linkedplaces.org/places/bor_286;Ptolomaida;35.068626;32.920744;[{"uri":"http://pleiades.stoa.org/places/678010","names":['Ake', 'Ptolemais', 'ʿAkko, Akko, Acco', 'ʿAkko, Akko, Acco', 'Akkū, Akku', 'Antiocheia', 'Col. Claudia (Nerōnia) C. Pt., Colonia Claudia Nerōnia Caesarea Ptolemais, Colonia Claudia Caesarea Ptolemais', 'Akē, Ake', 'Antiocheia Ptolemais', 'Acre', 'ʿAkka', 'Akka', 'Tall al-Faḫḫār', 'Ptolemais, Ptolemaïs', 'Colonia Claudia (Nerōnia) Caes., Colonia Claudia Caesarea, Colonia Claudia Neronia Caesarea', 'Tall al-Fuḫḫār, Tall al-Fukhar, Tall al-Fukkhar, Tell el-Fukhar, Tell el-Foukhar, Tall al-Fakhar, Tell el-Fakhar', 'Accon', 'Ptolemaïs', 'Akku', "Saint Jean d'Acre, Saint-Jean-d'Acre, St-Jean-d'Acre", 'ʿAkkā, Akka', 'Acca', 'Akkon, Accho, Akers, Akko', 'Ptolemaǐs', 'Colonia Claudia Caes. Ptol., Colonia Claudia Caesarea Ptolemais', 'Colonia Claudia Caes. P., Colonia Claudia Caesarea Ptolemais']}];
bordeaux;bor_42;vmbenno;http://linkedplaces.org/places/bor_42;Vmbenno;4.800244;44.706103;[{"uri":"http://pleiades.stoa.org/places/167947","names":['Umbennum']}];
bordeaux;bor_176;basapare;http://linkedplaces.org/places/bor_176;Basapare;24.333567;42.1927654;[{"uri":"http://pleiades.stoa.org/places/216732","names":['Bessapara']}];
bordeaux;bor_119;peritur;http://linkedplaces.org/places/bor_119;Peritur;16.833;46.125;[{"uri":"http://pleiades.stoa.org/places/197440","names":['Piretis']}];
bordeaux;bor_43;valentia;http://linkedplaces.org/places/bor_43;Valentia;4.889528;44.931632;[{"uri":"http://pleiades.stoa.org/places/167718","names":['Col. Valentia', 'Valence']}];
bordeaux;bor_236;galea;http://linkedplaces.org/places/bor_236;Galea;33.441223;39.266152;[{"uri":"http://pleiades.stoa.org/places/619162","names":['Galea']}];
bordeaux;bor_120;lentolis;http://linkedplaces.org/places/bor_120;Lentolis;17.292695;45.92436;[{"uri":"http://pleiades.stoa.org/places/197348","names":['Lentulis']}];
bordeaux;bor_58;byrigante;http://linkedplaces.org/places/bor_58;Byrigante;6.6342;44.8969;[{"uri":"http://pleiades.stoa.org/places/167691","names":['Brigantio']}];
bordeaux;bor_250;caena;http://linkedplaces.org/places/bor_250;Caena;34.842479;37.531389;[{"uri":"http://pleiades.stoa.org/places/648592","names":['Caena']}];
bordeaux;bor_194;tunorullo;http://linkedplaces.org/places/bor_194;Tunorullo;27.824805;41.087065;[{"uri":"http://pleiades.stoa.org/places/511184","names":['Beodizo']}];
bordeaux;bor_251;opodando;http://linkedplaces.org/places/bor_251;Opodando;34.872073;37.4265802;[{"uri":"http://pleiades.stoa.org/places/648742","names":['Podandus']}];
bordeaux;bor_59;gesdaone;http://linkedplaces.org/places/bor_59;Gesdaone;6.79464;44.95463;[{"uri":"http://pleiades.stoa.org/places/167778","names":['Gaesao', 'Tyrium']}];
bordeaux;bor_61;segussione;http://linkedplaces.org/places/bor_61;Segussione;7.04537;45.13736;[{"uri":"http://pleiades.stoa.org/places/167919","names":['Segusio', 'Segusini', 'Susa']}];
bordeaux;bor_196;baunne;http://linkedplaces.org/places/bor_196;Baunne;28.26829;41.080158;[{"uri":"http://pleiades.stoa.org/places/511414","names":[' Selymbria', ' Selybria', 'Eudoxiopolis']}];
bordeaux;bor_253;mansucrinae;http://linkedplaces.org/places/bor_253;Mansucrinae;34.8858995;37.0733365;[{"uri":"http://pleiades.stoa.org/places/648704","names":['Mampsoukrenai', 'Mapsoukrenai']}];
bordeaux;bor_197;salambria;http://linkedplaces.org/places/bor_197;Salambria;28.418437;41.051365;[{"uri":"http://pleiades.stoa.org/places/511201","names":['Callum']}];
bordeaux;bor_287;sicaminos;http://linkedplaces.org/places/bor_287;Sicaminos;34.95564;32.82451;[{"uri":"http://pleiades.stoa.org/places/678404","names":['Sykamina', 'Tall Abī Ḥuwām, Tall Abi Huwam, Tell Abi Huwam', 'Tall Abī Ḥawām, Tall Abi Hawam, Tell Abi Hawam, Tall Abi Hawwam, Tell Abi Hawwam', 'Porphyreōn, Porphyreon', 'Tall Abū Ḥawām, Tell Abu Hawam, Tall Abu Hawam, Tall Abu Hawa, Tell Abu Hawa, Tell Abu Hawwam, Tall Abu Hawwam', 'Tall Abū Hawwām', 'Caifas', 'Caifas', 'Tẹl Šiqmonȧ, Tel Shiqmona, Tel Shikmona, Shikmonah', 'Castra Samaritanorum', 'Calamon, Kalamon', 'Tall Abū Ḥuwām, Tell Abu Huwam, Tall Abu Huwam', 'Ḥẹfȧ, Hefa, Haifa', 'Ḥẹfa', 'Ḥēfā, Hefa', 'Tall Abū Ḥawwām', "Ḥēfā l-ʿAtīqa, Hefa l-'Atiqa, Hefa al-'Atiqa, Hefa el-'Atiqa, Hefa l-Atiqa, Hefa al-Atiqa, Hefa el-Atiqa, Hefa l-'Atiqah, Hefa al-'Atiqah, Hefa el-'Atiqah, Hefa l-Atiqah, Hefa al-Atiqah, Hefa el-Atiqah", 'Qasṭǝrȧ, Qastera, Ḫorbat Qastra', 'Cayphas, Caifas, Caiphas', 'Šiqmȧ, Shiqma', "Ḥaifā l-ʿAtīqa, Haifa l-'Atiqa, Haifa l-Atiqa, Haifa al-'Atiqa, Haifa al-Atiqa, Haifa al-'Atiqah, Haifa al-Atiqah, Haifa l-'Atiqah, Haifa l-Atiqah, Haifa el-'Atiqa, Haifa el-Atiqa, Haifa el-'Atiqah, Haifa el-Atiqah", 'Ḫirbat Kafr as-Samīr, Khirbat Kafr as-Samir, Khirbat Kafr al-Samir, Khirbet Kafr es-Samir, Khirbet Kafr el-Samir', 'Šiqma', 'Ṣalmonȧ, Salmona', 'Salmonȧ, Salmona', 'Tall as-Samak, Tell es-Samak, Tell es-Semak, Tall al-Samak, Tell el-Samak, Tell el-Semak', 'Sykaminon', 'Sykaminos', 'Ḥaifā 2, Haifa 2', 'Ḥaifā 1, Haifa 1', 'Ḥaifā 3, Haifa 3', 'Ḥaifā, Haifa, Hayfa', 'Ḫaifa', 'Haifa']}];
bordeaux;bor_44;cerebelliaca;http://linkedplaces.org/places/bor_44;Cerebelliaca;5.04122;44.80499;[{"uri":"http://pleiades.stoa.org/places/167705","names":['Cerebelliaca']}];
bordeaux;bor_121;cardono;http://linkedplaces.org/places/bor_121;Cardono;17.511;45.854;[{"uri":"http://pleiades.stoa.org/places/197191","names":['Cardono', 'Iovia']}];
bordeaux;bor_177;filopopuli;http://linkedplaces.org/places/bor_177;Filopopuli;24.749106;42.147439;[{"uri":"http://pleiades.stoa.org/places/216927","names":['Philippopolis', 'Trimontium']}];
bordeaux;bor_45;augusta;http://linkedplaces.org/places/bor_45;Augusta;5.05739;44.71597;[{"uri":"http://pleiades.stoa.org/places/167658","names":['Augusta']}];
bordeaux;bor_248;thyana;http://linkedplaces.org/places/bor_248;Thyana;34.568378;37.817319;[{"uri":"http://pleiades.stoa.org/places/648801","names":['Tyana', 'Col. Aurelia Antoniniana', 'Tyanitis', 'Tuwāna', 'Ṭuwāna, Tuwana', 'Colonia Ant. T., Colonia Antoniniana Tyana', 'Ziga Kaplıcası, Ziga Kaplicasi', 'Kemerhisar', 'Tyana, Tyanna', 'Truḫana', 'Dana', 'Dana', "al-Kanāʾis, al-Kana'is, el-Kana'is, al-Kanais, el-Kanais", 'Ṭavāna, Tavana', 'Tuḫana, Tukhana', 'Tuḫana, Tukhana', 'Eusebeia', 'Eusebeia am Tauros, Eusebeia at the Tauros', 'Tuwannuwa, Tuwanuwa', 'Tuwanuwa']}];
bordeaux;bor_192;narco;http://linkedplaces.org/places/bor_192;Narco;27.693272;41.240282;[{"uri":"http://pleiades.stoa.org/places/511448","names":['Tipaso']}];
bordeaux;bor_135;spaneta;http://linkedplaces.org/places/bor_135;Spaneta;19.308;45.082;[{"uri":"http://pleiades.stoa.org/places/207460","names":['Spaneta']}];
bordeaux;bor_193;tipso;http://linkedplaces.org/places/bor_193;Tipso;27.805568;41.167358;[{"uri":"http://pleiades.stoa.org/places/511456","names":['Tzouroulon', 'Silta']}];
bordeaux;bor_57;ramae;http://linkedplaces.org/places/bor_57;Ramae;6.5799;44.7505;[{"uri":"http://pleiades.stoa.org/places/167881","names":['Rama']}];
bordeaux;bor_198;callum;http://linkedplaces.org/places/bor_198;Callum;28.589971;41.034016;[{"uri":"http://pleiades.stoa.org/places/511172","names":['Athyras']}];
bordeaux;bor_62;ad duodecimum;http://linkedplaces.org/places/bor_62;Ad Duodecimum;7.21734;45.13486;[{"uri":"http://pleiades.stoa.org/places/167623","names":['Ad XII']}];
bordeaux;bor_199;atyra;http://linkedplaces.org/places/bor_199;Atyra;28.775342;41.0086579;[{"uri":"http://pleiades.stoa.org/places/511397","names":['Rhegion']}];
bordeaux;bor_63;ad fines;http://linkedplaces.org/places/bor_63;Ad Fines;7.41951;45.09822;[{"uri":"http://pleiades.stoa.org/places/383545","names":['Ad Fines']}];
bordeaux;bor_64;ad octauum;http://linkedplaces.org/places/bor_64;Ad Octauum;7.518;45.07054;[{"uri":"http://pleiades.stoa.org/places/383557","names":['Ad VIII']}];
bordeaux;bor_65;taurinis;http://linkedplaces.org/places/bor_65;Taurinis;7.685433;45.073361;[{"uri":"http://pleiades.stoa.org/places/383580","names":['Augusta Taurinorum', 'Torino']}];
bordeaux;bor_66;ad decimum;http://linkedplaces.org/places/bor_66;Ad Decimum;7.8389259;45.1782962;[{"uri":"http://pleiades.stoa.org/places/383558","names":['Ad X']}];
bordeaux;bor_67;quadratis;http://linkedplaces.org/places/bor_67;Quadratis;7.9693888;45.1911111;[{"uri":"http://pleiades.stoa.org/places/383753","names":['Quadrata']}];
bordeaux;bor_68;ceste;http://linkedplaces.org/places/bor_68;Ceste;8.151744;45.189906;[{"uri":"http://pleiades.stoa.org/places/383616","names":['Cestae', 'Ceste']}];
bordeaux;bor_69;rigomago;http://linkedplaces.org/places/bor_69;Rigomago;8.2974;45.1931;[{"uri":"http://pleiades.stoa.org/places/383759","names":['Rigomagus']}];
bordeaux;bor_70;ad medias;http://linkedplaces.org/places/bor_70;Ad Medias;8.47943;45.18188;[{"uri":"http://pleiades.stoa.org/places/383610","names":['Carbantia', 'Ad Medias']}];
bordeaux;bor_71;ad cottias;http://linkedplaces.org/places/bor_71;Ad Cottias;8.61114;45.19207;[{"uri":"http://pleiades.stoa.org/places/383630","names":['Cuttiae']}];
bordeaux;bor_72;laumello;http://linkedplaces.org/places/bor_72;Laumello;8.79383;45.12266;[{"uri":"http://pleiades.stoa.org/places/383690","names":['Laumellum']}];
bordeaux;bor_73;duriis;http://linkedplaces.org/places/bor_73;Duriis;8.95161;45.15496;[{"uri":"http://pleiades.stoa.org/places/383637","names":['Durriae']}];
bordeaux;bor_74;ticino;http://linkedplaces.org/places/bor_74;Ticino;9.1566;45.1859;[{"uri":"http://pleiades.stoa.org/places/383798","names":['Ticinum', 'Pavia']}];
bordeaux;bor_75;ad decimum;http://linkedplaces.org/places/bor_75;Ad Decimum;9.15933;45.32437;[{"uri":"http://pleiades.stoa.org/places/383559","names":['Ad X']}];
