place_id;lp_label;cntry;gnid;gn_name
owt_1;Antakya;TR;323779;Antakya
owt_1006;Fderik;MR;2379615;Fdérik
owt_1007;Taroudannt;MA;2529649;Taroudant
owt_1008;Essaouira;MA;2549263;Essaouira
owt_1009;Figuig;MA;2548851;Figuig (Centre)
owt_1016;Yengisar;CN;1279590;Yengisar
owt_1017;Grossschweinbarth;AT;2777593;Groß-Schweinbarth
owt_1018;Ljubljana;SI;3196359;Ljubljana
owt_1019;Celje;SI;3202781;Celje
owt_1020;Ptuj;SI;3192241;Ptuj
owt_1021;Szombathely;HU;3044310;Szombathely
owt_1022;Frankenau;AT;2779383;Frankenau
owt_1023;Sopron;HU;3045190;Sopron
owt_1024;Bruckneudorf;AT;2781361;Bruckneudorf
owt_1026;Wilfersdorf;AT;2761194;Wilfersdorf
owt_1027;Mikulov;CZ;3070720;Mikulov
owt_1028;Klodzko;PL;3096053;Kłodzko
owt_1029;Poznan;PL;3088171;Poznań
owt_103;Miran;CN;1280549;Miran
owt_1030;Bydgoszcz;PL;3102014;Bydgoszcz
owt_1031;Elblag;PL;3099759;Elbląg
owt_1032;Malbork;PL;3092472;Malbork
owt_1033;Yantarnyy;RU;2609894;Yantarnyy
owt_1034;Kaliningrad;RU;554234;Kaliningrad
owt_1035;Nida;LT;596612;Nida
owt_1036;Klaipeda;LT;598098;Klaipėda
owt_1037;Palanga;LT;596238;Palanga
owt_1038;Bad Deutsch Altenburg;AT;2782068;Bad Deutsch-Altenburg
owt_104;Khawr Rawri;OM;287575;Khawr Rawrī
owt_105;Multan;PK;1169825;Multān
owt_1061;Ulugqat;CN;1279828;Ulugqat
owt_1067;Feyzabad;AF;1142170;Fayzabad
owt_1068;Dushanbe;TJ;1221874;Dushanbe
owt_1069;Khorog;TJ;1221328;Khorugh
owt_1071;Qurghonteppa;TJ;1220747;Qŭrghonteppa
owt_1077;Mazar-e-Sharif;AF;1133616;Mazār-e Sharīf
owt_1078;Bouzov;CZ;3078885;Bouzov
owt_1080;Bochnia;PL;775758;Bochnia
owt_1081;Bratslav;UA;711459;Bratslav
owt_1082;Brzesc Kujawski;PL;3102447;Brześć Kujawski
owt_1083;Bytom;PL;3101950;Bytom
owt_1084;Chelm;PL;774558;Chełm
owt_1085;Chelmno;PL;3101795;Chełmno
owt_1086;Czersk;PL;773759;Czersk
owt_1087;Dobrzyn nad Wisla;PL;3100266;Dobrzyń nad Wisłą
owt_1089;Kazimierz Dolny;PL;769345;Kazimierz Dolny
owt_109;Narbonne;FR;2990919;Narbonne
owt_1090;Gorlitz;DE;2918987;Görlitz
owt_1091;Kosice;SK;724443;Košice
owt_1092;Leczyca;PL;3093726;Łęczyca
owt_1093;Legnica;PL;3093692;Legnica
owt_1094;Luts'k;UA;702569;Luts’k
owt_1095;Nowy Sacz;PL;763534;Nowy Sącz
owt_1096;Olkusz;PL;3090146;Olkusz
owt_1097;Opole;PL;3090048;Opole
owt_1098;Piotrkow Trybunalski;PL;3088972;Piotrków Trybunalski
owt_1099;Plock;PL;3088825;Płock
owt_1100;Przemysl;PL;761168;Przemyśl
owt_1101;Radom;PL;760778;Radom
owt_1102;Sandomierz;PL;759603;Sandomierz
owt_1103;Tongtianheyan;CN;1279858;Tongtianheyan
owt_1105;Warszawa;PL;756135;Warsaw
owt_1106;Wieliczka;PL;755889;Wieliczka
owt_1107;Zakroczym;PL;754069;Zakroczym
owt_111;Neyshabur;IR;122285;Nīshābūr
owt_1118;Kruszwica;PL;3094585;Kruszwica
owt_1119;Kalisz;PL;3096880;Kalisz
owt_112;Nusaybin;TR;303750;Nusaybin
owt_1122;Bialogard;PL;3103556;Białogard
owt_1123;Branszczyk;PL;775358;Brańszczyk
owt_1124;Brest;BY;629634;Brest
owt_1125;Bautzen;DE;2951881;Bautzen
owt_1126;Bransk;PL;775359;Brańsk
owt_1127;Drohiczyn;PL;772959;Drohiczyn
owt_1128;Cieszyn;PL;3101321;Cieszyn
owt_1129;Cottbus;DE;2939811;Cottbus
owt_1130;Czermno;PL;773795;Czermno
owt_1131;Serock;PL;759470;Serock
owt_1132;Czarlin;PL;3101193;Czarlin
owt_1133;Krasnik;PL;767623;Kraśnik
owt_1134;Pila;PL;3089033;Piła
owt_1135;Lubin;PL;3092931;Lubin
owt_1136;Wojnicz;PL;755390;Wojnicz
owt_1137;Jedrzejow;PL;770157;Jędrzejów
owt_1138;Jaromer;CZ;3074462;Jaroměř
owt_1139;Krapkowice;PL;3094788;Krapkowice
owt_114;Al-Iskandariyah;EG;361058;Alexandria
owt_1140;Miechow;PL;3092024;Miechów Charsznica
owt_1141;Gorzow Wielkopolski;PL;3098722;Gorzów Wielkopolski
owt_1142;Turek;PL;3082998;Turek
owt_1143;Pulawy;PL;760924;Puławy
owt_1144;Swoszowice;PL;3083928;Swoszowice
owt_1145;Sternberk;CZ;3065166;Šternberk
owt_1146;Olesnica;PL;3090170;Oleśnica
owt_1147;Przedborz;PL;3087994;Przedbórz
owt_1148;Dabie;PL;3100874;Dąbie
owt_1149;Ostrow Mazowiecka;PL;762850;Ostrów Mazowiecka
owt_1150;Swidnica;PL;3084093;Świdnica
owt_1151;Zarnow;PL;753787;Żarnów
owt_1152;Glogow;PL;3099213;Głogów
owt_1154;Gniezno;PL;3099112;Gniezno
owt_1155;Grojec;PL;771384;Grójec
owt_1156;Inowlodz;PL;770784;Inowłódz
owt_1157;Kamien Pomorski;PL;3096765;Kamień Pomorski
owt_1158;Kielce;PL;769250;Kielce
owt_1159;Kolobrzeg;PL;3095795;Kołobrzeg
owt_116;Parutyne;UA;697953;Parutyne
owt_1160;Kopenick;DE;2885656;Köpenick
owt_1161;Kozle;PL;3096372;Kędzierzyn-Koźle
owt_1162;Krosno;PL;767470;Krosno
owt_1163;Lebus;DE;2879795;Lebus
owt_1164;Miedzyrzecz;PL;3091969;Międzyrzecz
owt_1165;Milicz;PL;3091788;Milicz
owt_1166;Meissen;DE;2872155;Meissen
owt_1167;Mlada Boleslav;CZ;3070544;Mladá Boleslav
owt_1168;Naklo nad Notecia;PL;3091150;Nakło nad Notecią
owt_1169;Nysa;PL;3090436;Nysa
owt_117;Osh;KG;11054823;Osh City
owt_1170;Oswiecim;PL;3089658;Oświęcim
owt_1173;Radomsko;PL;3087497;Radomsko
owt_1174;Raciborz;PL;3087584;Racibórz
owt_1175;Rozprza;PL;3086861;Rozprza
owt_1176;Ruda;PL;3086820;Ruda
owt_1177;Santok;PL;3086283;Santok
owt_1178;Sieciechow;PL;759422;Sieciechów
owt_1179;Sieradz;PL;3085978;Sieradz
owt_118;Ostia Antica;IT;3183539;Acilia-Castel Fusano-Ostia Antica
owt_1180;Slawno;PL;3085610;Sławno
owt_1181;Slupsk;PL;3085450;Słupsk
owt_1182;Srem;PL;3085056;Śrem
owt_1183;Starogard Gdanski;PL;3084826;Starogard Gdański
owt_1184;Stargard Szczecinski;PL;3084840;Stargard Szczeciński
owt_1185;Swieck Wielki;PL;757650;Święck Wielki
owt_1186;Szczecin;PL;3083829;Szczecin
owt_1187;Ujscie;PL;3082838;Ujście
owt_1188;Wloclawek;PL;3081741;Włocławek
owt_1190;Zittau;DE;2804008;Zittau
owt_1192;Ostroleka;PL;762909;Ostrołęka
owt_1193;Wyszogrod;PL;754451;Wyszogród
owt_1194;Hrodna;BY;627904;Hrodna
owt_1195;Bialobrzegi;PL;776114;Białobrzegi
owt_1196;Swiecie;PL;3084074;Świecie
owt_1198;Kostrzyn;PL;3095057;Kostrzyn nad Odrą
owt_1199;Rytel;PL;3086498;Rytel
owt_120;Palermo;IT;2523920;Palermo
owt_1200;Busk;UA;711103;Bus’k
owt_1201;Wejherowo;PL;3082473;Wejherowo
owt_1202;Nowogard;PL;3090558;Nowogard
owt_1203;Hrubieszow;PL;770966;Hrubieszów
owt_1204;Prochowice;PL;3088096;Prochowice
owt_1205;Karlino;PL;3096630;Karlino
owt_1206;Klobuczyn;PL;3096089;Kłobuczyn
owt_1207;Wagrowiec;PL;3082712;Wągrowiec
owt_1208;Opoczno;PL;763111;Opoczno
owt_1209;Pyzdry;PL;3087617;Pyzdry
owt_1210;Wolow;PL;3081430;Wołów
owt_1211;Zabkowice Slaskie;PL;3081046;Ząbkowice Śląskie
owt_1212;Kolo;PL;3095797;Koło
owt_1214;Krosno Odrzanskie;PL;3094633;Krosno Odrzańskie
owt_1215;Zhaosu;CN;1528992;Zhaosu
owt_1216;Panfilov;KZ;1520253;Zharkent
owt_1219;Baicheng;CN;1529629;Baicheng
owt_1220;Qapqal;CN;1529279;Qapqal
owt_1221;Santai;CN;1529231;Santai
owt_1222;Wutai;CN;1529081;Wutai
owt_1223;Jinghe;CN;1529417;Jinghe
owt_1226;Sandaohezi;CN;1529239;Sandaohezi
owt_1227;Manas;CN;1529323;Manasi
owt_1228;Hu-t'u-pi;CN;1529438;Khutubi
owt_1229;Changji;CN;1529569;Changji
owt_123;Al Batra;JO;7031348;Khashm al Batrā’
owt_1230;Ganhezi;CN;1529501;Ganhezi
owt_1231;Jimsar;CN;1529419;Jimsar
owt_1232;Qitai;CN;1529250;Qitai
owt_1233;Mori;CN;1529303;Mori
owt_1234;Barkol;CN;1529614;Barkol
owt_1235;Yiwu;CN;1529007;Yiwu
owt_1238;Erpu;CN;1529514;Erpu
owt_1239;Yandun;CN;1529035;Yandun
owt_1240;Xingxingxia;CN;1529050;Xingxingxia
owt_1241;Qiktim;CN;1529263;Qiktim
owt_1242;Turpan Zhan;CN;1529110;Daheyan
owt_1243;Daquanwan;CN;1529550;Daquanwan
owt_1244;Tanggulashan;CN;1279924;Tanggulashan
owt_1245;Hoxud;CN;1529451;Hoxut
owt_1246;Toksun;CN;1529126;Toksun
owt_1247;Hejing;CN;1529475;Hejing
owt_1248;Balguntay;CN;1529618;Balguntay
owt_1249;Xinyuan;CN;1529046;Xinyuan
owt_125;Qazvin;IR;119505;Qazvin
owt_1250;Boron Sum;CN;1529584;Bohu
owt_1251;Narat;CN;1529292;Narat
owt_1252;Artux;CN;1281743;Artux
owt_1253;Bachu;CN;1281724;Bachu
owt_1254;Shufu;CN;1279995;Shufu
owt_1256;Kosrap;CN;1280810;Kosrap
owt_1257;Hasalbag;CN;1281063;Hasalbag
owt_1258;Zepu;CN;1279501;Zepu
owt_1260;Bextograk;CN;1281635;Bextograk
owt_1261;Luntai;CN;1529333;Luntai
owt_1263;Yuli;CN;1529001;Yuli
owt_1264;Liuyuan;CN;1529338;Liuyuan
owt_1269;Xaidulla;CN;1279771;Xaidulla
owt_127;Pojan;AL;3184425;Pojan
owt_1270;Lod;IL;294421;Lod
owt_1272;Granada;ES;2517117;Granada
owt_1274;Dayakhatyn;TM;1514798;Dayakhatyn
owt_128;Pozzuoli;IT;3169984;Pozzuoli
owt_1286;Daroot-Korgon;KG;1222683;Daroot-Korgon
owt_1289;Anklam;DE;2956018;Anklam
owt_1290;Huoxian;CN;1806624;Huozhou
owt_1291;Bardejov;SK;725168;Bardejov
owt_1292;Perekop;UA;697729;Perekop
owt_1293;Kopki;PL;768168;Kopki
owt_1294;Grybow;PL;771313;Grybów
owt_1295;Biecz;PL;776053;Biecz
owt_1296;Tuchola;PL;3090760;Nowa Tuchola
owt_1297;Zilina;SK;3056508;Žilina
owt_1299;Rzeszow;PL;759734;Rzeszów
owt_13;`Amman;JO;11266457;Bāb ‘Ammān
owt_1300;Tarnow;PL;757026;Tarnów
owt_1301;Kolin;CZ;3073371;Kolín
owt_1303;Swinoujscie;PL;3083955;Świnoujście
owt_1304;Stralsund;DE;2826287;Stralsund
owt_1306;Magdeburg;DE;2874545;Magdeburg
owt_1307;Lubben;DE;2875625;Lübben
owt_1308;Znojmo;CZ;3061344;Znojmo
owt_1309;Opava;CZ;3068927;Opava
owt_131;Qandahar;AF;1138336;Kandahār
owt_1310;Dolny Kubin;SK;3060405;Dolný Kubín
owt_1311;Trencin;SK;3057140;Trenčín
owt_1312;Presov;SK;723819;Prešov
owt_1313;Stary Sacz;PL;758282;Stary Sącz
owt_1314;Shipintsy;UA;694073;Shypyntsi
owt_1315;Stary Zmigrod;PL;758275;Stary Żmigród
owt_1316;Sanok;PL;759591;Sanok
owt_1317;Khotin;UA;706244;Khotyn
owt_1318;Rabka;PL;3087601;Rabka-Zdrój
owt_1319;Zator;PL;3080590;Zator
owt_1320;Ojcow;PL;3090275;Ojców
owt_1321;Nowy Korczyn;PL;763545;Nowy Korczyn
owt_1322;Kolomyya;UA;705392;Kolomyya
owt_1323;Snyatyn;UA;693365;Snyatyn
owt_1324;Siret;RO;666830;Siret
owt_1325;Zborov;UA;687449;Zboriv
owt_1326;Ostrowiec Swietokrzyski;PL;762863;Ostrowiec Świętokrzyski
owt_1327;Lowicz;PL;3093066;Łowicz
owt_1329;Gniewkowo;PL;3099120;Gniewkowo
owt_133;Qartajannah;TN;2468245;Carthage
owt_1330;Dorogobuzh;UA;709694;Dorohobuzh
owt_1331;Skidel';BY;611866;Skidal’
owt_1332;Opatow;PL;763121;Opatów
owt_1333;Rawa Mazowiecka;PL;760584;Rawa Mazowiecka
owt_1335;Mielnik;PL;764846;Mielnik
owt_1336;Janow Lubelski;PL;770425;Janów Lubelski
owt_1337;Zhytomyr;UA;686967;Zhytomyr
owt_1338;Vawkavysk;BY;620391;Vawkavysk
owt_1339;Merkine;LT;597070;Merkinė
owt_134;Qift;EG;350560;Qifţ
owt_1340;Trakai;LT;593871;Trakai
owt_1341;Vilnius;LT;593116;Vilnius
owt_1342;Bielsk Podlaski;PL;775986;Bielsk Podlaski
owt_1343;Nur;PL;763513;Nur
owt_1344;Zlotoria;PL;3080075;Złotoria
owt_1346;Inowroclaw;PL;3097872;Inowrocław
owt_1347;Chernivtsi;UA;710719;Chernivtsi
owt_135;Reggio di Calabria;IT;2523630;Reggio Calabria
owt_1352;Iasi;RO;675810;Iaşi
owt_1353;Jurkow;PL;769917;Jurków
owt_1357;Gorodok;UA;708313;Horodok
owt_136;Rey;IR;9533872;Rey
owt_138;Rodhos;GR;400666;Ródos
owt_1387;Naij Tal;CN;1280511;Naij Tal
owt_139;Ruoqiang;CN;1280122;Ruoqiang
owt_140;Samandagi;TR;301975;Samandağ
owt_1402;Tomaszow Lubelski;PL;756868;Tomaszów Lubelski
owt_141;Samarkand;UZ;1216265;Samarqand
owt_1415;Braniewo;PL;3102677;Braniewo
owt_1435;Mahilyow;BY;625665;Mahilyow
owt_1439;Xiaonanchuan;CN;1279728;Xiaonanchuan
owt_144;Sarhadd;AF;1126978;Sarḩad
owt_1441;Roma;IT;3169070;Rome
owt_1442;Erfurt;DE;2929670;Erfurt
owt_1447;Leipzig;DE;2879139;Leipzig
owt_1448;Nurnberg;DE;2861650;Nürnberg
owt_1449;Coburg;DE;2939951;Coburg
owt_145;Sayda;LB;268064;Sidon
owt_1450;Bamberg;DE;2952984;Bamberg
owt_1452;Lubeck;DE;2875601;Lübeck
owt_1469;Nomhon;CN;1280432;Nomhon
owt_1472;Berlin;DE;2950159;Berlin
owt_1474;Yafo;IL;293397;Tel Aviv
owt_1475;London;GB;2643743;London
owt_1476;Wien;AT;2761369;Vienna
owt_1479;Larrasoana;ES;3119077;Larrasoaña
owt_148;Sestos;TR;8435885;Sestos
owt_1480;Cizur Menor;ES;3124954;Cizur Menor
owt_1481;Torres del Rio;ES;3107719;Torres del Río
owt_1482;Azofra;ES;3129065;Azofra
owt_1483;Belorado;ES;3128320;Belorado
owt_1484;Hontanas;ES;3120702;Hontanas
owt_1485;Calzadilla de la Cueza;ES;3126939;Calzadilla de la Cueza
owt_1486;Cacabelos;ES;3127135;Cacabelos
owt_1488;Navarrete;ES;3115601;Navarrete
owt_1489;Puertomarin;ES;3112693;Puertomarín
owt_149;Shache;CN;1280037;Shache
owt_1490;El Burgo Ranero;ES;3123621;El Burgo Ranero
owt_1491;Acebo;ES;9863307;El Acebo de San Miguel
owt_1492;Villadangos del Paramo;ES;3105681;Villadangos del Páramo
owt_1493;Vega de Valcarce;ES;3106280;Vega de Valcarce
owt_1494;Triacastela;ES;3107488;Tríacastela
owt_1495;Palas de Rey;ES;3114555;Palas de Rey
owt_1496;Arzua;ES;3129292;Arzúa
owt_1497;Lugo;ES;3117814;Lugo
owt_1498;Sarria;ES;3109369;Sarria
owt_150;Shahhat;LY;7602388;Shahhat
owt_1500;Qagan Us;CN;1280295;Qagan Us
owt_1501;Blaye-et-Sainte-Luce;FR;2967108;Blaye
owt_1504;Autun;FR;3035883;Autun
owt_1505;Xiangride;CN;8541714;Xiangride
owt_1506;Saintes-Maries-de-la-Mer;FR;2980325;Saintes-Maries-de-la-Mer
owt_1507;Saint-Guilhem-le-Desert;FR;2979608;Saint-Guilhem-le-Désert
owt_1508;Clery-Saint-Andre;FR;3024616;Cléry-Saint-André
owt_1509;Orthez;FR;2989187;Orthez
owt_151;Qabqa;CN;1798403;Qabqa
owt_1510;Pamplona;ES;3114472;Pamplona
owt_1511;Villalcazar de Sirga;ES;3105493;Villalcázar de Sirga
owt_1513;Southampton;GB;2637487;Southampton
owt_1514;La Sauve-Majeure;FR;3006497;La Sauve
owt_1515;Toul;FR;2972350;Toul
owt_1516;Langres;FR;3007680;Langres
owt_1517;Dijon;FR;3021372;Dijon
owt_1523;Nevers;FR;2990474;Nevers
owt_153;Solin;HR;3190359;Solin
owt_1530;Wang Gaxun;CN;1279809;Wang Gaxun
owt_1532;Jingning;CN;1805606;Jingning Chengguanzhen
owt_1533;Caka;CN;1281584;Caka
owt_1534;Cubzac-les-Ponts;FR;3022177;Cubzac-les-Ponts
owt_1535;Benevent-l'Abbaye;FR;3033491;Bénévent-l’Abbaye
owt_1537;Yongchang;CN;1786377;Yongchang Chengguanzhen
owt_1538;Yongdeng;CN;1786367;Yongdeng Chengguanzhen
owt_1539;Dashuiqiao;CN;1281402;Dashuiqiao
owt_154;Srinagar;IN;1255634;Srinagar
owt_1540;Constantine;DZ;2501152;Constantine
owt_1541;Rabat;MA;2538475;Rabat
owt_1542;Ait Ou Sous;MA;2559209;Aït Ou Sous
owt_1543;Chinguetti;MR;2380519;Chingueṭṭi
owt_1544;Tichit;MR;2376218;Tîchît
owt_1545;Araouane;ML;2460954;Araouane
owt_1546;Waddan;LY;2209055;Waddān
owt_1547;Ingal;NE;2443192;I-n-Gall
owt_1548;Hongwansi;CN;1281029;Hongwansi
owt_1550;Shahepu;CN;1796404;Shahe
owt_1551;Gaotai;CN;1281237;Gaotai Chengguanzhen
owt_1552;Heiquan;CN;1281052;Heiquan
owt_1553;Dongle;CN;1812410;Dongle
owt_1554;Linshui;CN;1280706;Linshui
owt_1556;Bulongji;CN;1529576;Bulongji
owt_1557;Baidunzi;CN;1529627;Baidunzi
owt_1558;Malianjing;CN;1529326;Malianjing
owt_1559;Laojunmiao;CN;1280757;Laojunmiao
owt_1560;Hongliuyuan;CN;1529464;Hongliuyuan
owt_1561;Sitian;CN;1529173;Sitian
owt_1563;Liaodun;CN;1529345;Liaodun
owt_1564;Yiwanquan;CN;1529008;Yiwanquan
owt_1565;Sangequanzi;CN;1529235;Sangequanzi
owt_1566;Fukang;CN;1529506;Bofeng
owt_1567;Usu;CN;1529099;Usu
owt_1568;Miao'ergou;CN;1529311;Miao’ergou
owt_1569;Jamati;CN;1529433;Jamati
owt_1570;Toli;CN;1529124;Toli
owt_1571;Laofengkou;CN;1529350;Laofengkou
owt_1572;Tacheng;CN;1529167;Tacheng
owt_1573;Emin;CN;1529522;Emin
owt_1574;Topolev Mys;KZ;1518066;Topolëv Mys
owt_1575;Kuzeun';KZ;1521615;Kuzeun’
owt_1577;Miquan;CN;1529308;Miquan
owt_158;Suzhou;CN;1279945;Jiuquan
owt_1585;Jinta;CN;8543028;Jinta
owt_16;Aquileia;IT;3182943;Aquileia
owt_160;Tarragona;ES;3108288;Tarragona
owt_1605;Uliastay;MN;1515007;Uliastay
owt_1606;Baotou;CN;2038432;Baotou
owt_1607;Hohhot;CN;2036892;Hohhot
owt_1619;Semey;KZ;1519422;Semey
owt_162;Tashkent;UZ;1512569;Tashkent
owt_1622;Dengta;CN;1812993;Dengta
owt_1626;Sabzevar;IR;118063;Sabzevar
owt_1627;Heimahe;CN;1281054;Heimahe
owt_1628;Garmsar;IR;32723;Īstgāh-e Rāh Āhan-e Garmsār
owt_1634;Dayr az Zawr;SY;170794;Deir ez-Zor
owt_1635;Baghdad;IQ;98182;Baghdad
owt_164;Taxkorgan;CN;1279901;Taxkorgan
owt_1645;Qagan Tohoi;CN;1280296;Qagan Tohoi
owt_1647;Mazar;CN;1280594;Mazar
owt_1648;Dahongliutan;CN;1281441;Dahongliutan
owt_1649;Rutog;CN;1280116;Rutog
owt_1652;Raka;CN;1280169;Raka
owt_1653;Lumaringbo;CN;1280679;Luring
owt_1654;Quxar;CN;1280181;Quxar
owt_1655;Pagnag;CN;1280356;Pagnag
owt_1657;Goinqen;CN;1281189;Gengqing
owt_1658;Gartog;CN;1281221;Gartog
owt_1659;Batang;CN;1281662;Batang
owt_1662;Garze;CN;1810271;Ganzi
owt_1663;Jomda;CN;1280927;Jomda
owt_1664;Maniganggo;CN;1280619;Manigange
owt_1665;Xianshui;CN;1783556;Xianshui
owt_1666;Xindou;CN;1789098;Xindou
owt_1667;Qianning;CN;1798278;Bamei
owt_1668;Xinduqiao;CN;1789093;Xinduqiao
owt_1669;Hekou;CN;1808573;Hekou
owt_167;Thessaloniki;GR;734077;Thessaloníki
owt_1670;Dali;CN;1814093;Dali
owt_1671;Jinhua;CN;10138285;Jinhua
owt_1672;Zhongxin;CN;1279455;Zhongxin
owt_1674;Benzilan;CN;1281637;Benzilan
owt_1677;Wangda;CN;1279812;Wangda
owt_1678;Baima;CN;10258158;Baima
owt_168;Trabzon;TR;738648;Trabzon
owt_1681;Tangmai;CN;1279918;Tangmai
owt_1685;Congdu;CN;1281484;Chongdui
owt_1686;Yangbajain;CN;1279629;Yangbajain
owt_1687;Namka;CN;1280497;Namka
owt_1688;Kokyar;CN;1280821;Kokyar
owt_1689;Akmeqit;CN;1281783;Akmeqit
owt_169;Tadmur;SY;163808;Tadmur
owt_1692;Tianshuihai;CN;1254553;Tianshuihai
owt_1695;Jaggang;CN;1280987;Jaggang
owt_1697;Namru;CN;1280492;Namru
owt_1698;Moincer;CN;1280546;Menshi
owt_170;Turpan;CN;1529114;Turpan
owt_1700;Garxincun;CN;1281219;Gar
owt_1701;Samsang;CN;1280096;Samsang
owt_1702;Paryang;CN;1280340;Paryang
owt_1703;Yanhu;CN;8078863;Yoindainluma
owt_1704;Oma;CN;1280370;Oma
owt_1706;Dongco;CN;8308695;Dongco
owt_1707;Zhabdun;CN;1279497;Zhadong
owt_1708;Gya'gya;CN;1281134;Jiajia
owt_1709;Napug;CN;1280477;Geji
owt_171;Ujjain;IN;1253914;Ujjain
owt_1711;Sa'gyari;CN;1280109;Sajiari
owt_1712;Langju;CN;1280767;Langju
owt_1713;Asog;CN;1281739;Asog
owt_1716;Hor;CN;1281024;Hor
owt_1717;Xegar;CN;1279749;Xêgar
owt_1718;Tingri;CN;1279749;Xêgar
owt_1719;Mainpu;CN;1280641;Mainpu
owt_172;Urfa;TR;298333;Şanlıurfa
owt_1720;Kodari;NP;1283189;Kothari
owt_1721;Bahrabise;NP;1283706;Bārhabise
owt_1725;Nagarze;CN;1280521;Nagarzê
owt_1726;Xoi;CN;6559617;Xoi
owt_1728;Chatang;CN;1281533;Chatang
owt_1729;Qusum;CN;1280185;Qusum
owt_173;Urumqi;CN;1529102;Ürümqi
owt_1730;Chumba;CN;1281503;Chumba
owt_1731;Gyaca;CN;1281139;Gyaca
owt_1732;Tungdor;CN;1279843;Tungdor
owt_1733;Nangxian;CN;1280485;Nangxian
owt_1734;Deqen;CN;1281369;Dêqên
owt_1735;Kunggar;CN;1280797;Kunggar
owt_1737;Golingka;CN;1281185;Golingka
owt_1738;Taizhao;CN;1279935;Gyamda
owt_1739;Bayizhen;CN;1281650;Bayi
owt_174;Wensu;CN;1529088;Wensu
owt_1740;Kangmar;CN;1280889;Kangmar
owt_1741;Gala;CN;1281258;Gala
owt_1747;Daotanghe;CN;1813756;Daotanghe
owt_175;Xian;CN;1790630;Xi’an
owt_1753;Gunsang;CN;1281148;Guisang
owt_1754;Dhulikhel;NP;1283448;Dhulikhel
owt_1755;Banepa;NP;1283679;Banepā
owt_1756;Bhaktapur;NP;1283617;Bhaktapur
owt_1758;Kangxiwar;CN;1280878;Kangxiwar
owt_1771;Horru;CN;1281020;Horru
owt_1772;Damquka;CN;1281426;Damquka
owt_1773;Baicang;CN;1281713;Baicang
owt_1775;Dangqen;CN;1281419;Dangqing
owt_1776;Namche Bazar;NP;1283011;Namche Bazar
owt_1777;Lukla;NP;1283113;Lukla
owt_1778;Thami;NP;1282689;Thāmi
owt_178;Yerushalayim;IL;281184;Jerusalem
owt_1780;Zito;CN;1279435;Zito
owt_1781;Yendum;CN;1279592;Yanduo
owt_1783;Tarrong;CN;1279908;Tarrong
owt_1784;Qamqenxoi;CN;1280277;Qiangqinxue
owt_180;Yuanquan;CN;1529004;Yuanquan
owt_1813;Isfara;TJ;1514896;Isfara
owt_182;Zhangye;CN;1785036;Zhangye
owt_183;Irkeshtam;KG;1222663;Irkeshtam
owt_1831;Qyzylorda;KZ;1519922;Kyzylorda
owt_184;Astor;PK;1184284;Astor
owt_1847;Garm;TJ;1221740;Rasht
owt_185;Bandipura;IN;1277358;Bandipura
owt_1852;Zaamin;UZ;1215694;Zomin
owt_188;Baltit;PK;1183614;Baltit
owt_1926;Konibodom;TJ;1514891;Konibodom
owt_1927;Shahriston;TJ;1220571;Shahriston
owt_1929;Ayni;TJ;1222222;Ayní
owt_1930;Zeravshan;TJ;1220050;Zarafshon
owt_1931;Anzob;TJ;1222268;Anzob
owt_1932;Denow;UZ;1217474;Denov
owt_1933;Varzob;TJ;1220197;Varzob
owt_1935;Tursunzoda;TJ;1220301;Tursunzoda
owt_1936;Hisor;TJ;1333693;Hisor
owt_1937;Andigon;TJ;1222275;Andigon
owt_1938;Fayzabad;TJ;1221774;Fayzobod
owt_1939;Karategin;TJ;1334120;Qarotegin
owt_1940;Kulob;TJ;1221194;Kŭlob
owt_1941;Dzhirgatal';TJ;1221802;Jirghatol
owt_1942;Kofarnihon;TJ;1221279;Kofarnihon
owt_1943;Chormagzak;TJ;1222002;Chormaghzak
owt_1944;Sharshar;TJ;1346061;Sharshar
owt_1945;Parkhar;TJ;1220826;Farkhor
owt_1946;Dusti;TJ;1221871;Dŭstí
owt_1947;Nurek;TJ;1220905;Norak
owt_1948;Dangara;TJ;1221965;Danghara
owt_1949;Khovaling;TJ;1221321;Khovaling
owt_1951;Qurbonshahid;TJ;1221165;Qurbonshahid
owt_1952;Kolkhozabad;TJ;1221259;Kolkhozobod
owt_1953;Kukhilyal;TJ;1221214;Kŭhila’l
owt_1955;Tartki;TJ;1220380;Tartiki
owt_1956;Alichur;TJ;1222305;Alichur
owt_1960;Ishkashim;TJ;1221614;Ishqoshim
owt_1962;Keshem;AF;1137458;Kishim
owt_1963;Shaartuz;TJ;1220576;Shahritus
owt_1964;Komsomolobod;TJ;1221250;Darband
owt_1965;Langar;TJ;1221075;Langar
owt_1966;Murghob;TJ;1220962;Murghob
owt_1968;Qyzylrabot;TJ;1221106;Qizilrabot
owt_1969;Kurkat;TJ;1514871;Kurkat
owt_1970;Rushan;TJ;1220685;Rŭshon
owt_1971;Shayman;TJ;1220541;Shaymak
owt_1972;Sayat;TJ;1220599;Sayat
owt_1974;Tovildara;TJ;1220324;Tavildara
owt_1975;Vakhan;TJ;1220220;Vakhan
owt_1976;Vanj;TJ;1220210;Vanj
owt_1977;Vir;TJ;1220178;Vir
owt_1978;Vrang;TJ;1220159;Vrang
owt_1979;Zibak;AF;1120616;Zaybāk
owt_1982;Baharak;AF;1147488;Bahārestān
owt_1987;Shindy;TJ;1220526;Shindy
owt_1989;Chegarachi;UZ;1466050;Chegarachi
owt_1991;Zigar;TJ;1220020;Zigar
owt_1992;Owirdeh;PK;1168687;Owir Arkāri
owt_1993;Sasikul;TJ;1220613;Sasiqkul
owt_1994;Khargush;TJ;1221391;Khargŭsh
owt_1996;Bamda;CN;1281693;Bamda
owt_1997;Luqiao;CN;1801756;Luqiao
owt_1998;Ya'an;CN;1787816;Yucheng
owt_1999;Ning'er;CN;1799389;Ning’er
owt_2;Ancona;IT;3183089;Ancona
owt_2002;Racaka;CN;1280174;Racaka
owt_2004;Domartang;CN;1281323;Domartang
owt_2006;Lhari;CN;1280739;Lhari
owt_2012;Eskisehir;TR;315202;Eskişehir
owt_2018;Antalya;TR;323777;Antalya
owt_2019;Aksaray;TR;324496;Aksaray
owt_2025;Nevsehir;TR;303831;Nevşehir
owt_2029;Cesme;TR;318755;Çeşme
owt_2031;Diyarbakir;TR;316541;Diyarbakır
owt_2034;Safranbolu;TR;740430;Safranbolu
owt_2036;Manisa;TR;304827;Manisa
owt_2041;Beysehir;TR;321191;Beyşehir
owt_2070;Trablous;LB;266826;Tripoli
owt_2073;Igdir;TR;311665;Iğdır
owt_2074;Adana;TR;325363;Adana
owt_2079;Manavgat;TR;304854;Manavgat
owt_2089;San'a';YE;71137;Sanaa
owt_2090;Ardestan;IR;143052;Ardestān
owt_21;Bakhtaran;IR;128226;Kermanshah
owt_2111;Isparta;TR;311073;Isparta
owt_2123;Egirdir;TR;315905;Eğirdir
owt_2141;Mayamey;IR;1160294;Mayāmey
owt_2145;Yidun;CN;1279583;Yidun
owt_2146;Nanjian;CN;1799986;Nanjian
owt_2148;Yakacik;TR;297899;Yakacık
owt_2149;Gebze;TR;747014;Gebze
owt_2150;Sawakin;SD;367544;Sawākin
owt_2155;Elazig;TR;315808;Elazığ
owt_2158;Nigde;TR;303827;Niğde
owt_2161;Denizli;TR;317109;Denizli
owt_2164;Tehran;IR;112931;Tehran
owt_2167;Mostar;BA;3194828;Mostar
owt_217;Yanqi;CN;1529031;Yanqi
owt_2176;Samarra';IQ;91597;Sāmarrā’
owt_2182;Messina;IT;2524170;Messina
owt_2183;Ravenna;IT;3169561;Ravenna
owt_219;Quqon;UZ;1512979;Qo‘qon
owt_2190;Yunuslar;TR;296119;Yunuslar
owt_2191;Civitavecchia;IT;3178587;Civitavecchia
owt_2194;Aydinca;TR;7691053;Aydınca
owt_22;Balkh;AF;1147290;Balkh
owt_220;Panjakent;TJ;1220798;Panjakent
owt_2206;Sarkisla;TR;301537;Şarkışla
owt_2215;Tokat;TR;738743;Tokat
owt_222;Minfeng;CN;1280555;Niya
owt_2220;Abbasabad;IR;145306;‘Abbāsābād
owt_223;Kizil;CN;1529388;Kizil
owt_2232;Turhal;TR;738618;Turhal
owt_224;Peshawar;PK;1168197;Peshawar
owt_2241;Mercan;TR;304578;Mercan
owt_2245;Sarahs;TM;1218456;Sarahs
owt_2288;Mane;TM;1218648;Miana
owt_2289;Bagabat;TM;161897;Bagabat
owt_2290;Parou;TM;161583;Parou
owt_2296;Abeche;TD;245785;Abéché
owt_2297;Kobbei;SD;372319;Kobbei
owt_2298;Al Fashir;SD;379555;El Fasher
owt_2299;Barbar;SD;377690;Berber
owt_23;Banghazi;LY;88319;Benghazi
owt_230;Shanshan;CN;1529214;Shanshan
owt_2300;Shendi;SD;367308;Shendi
owt_2301;Ad-Damar;SD;380173;Ed Damer
owt_2302;Umm Durman;SD;365137;Omdurman
owt_2303;Al Ubayyid;SD;379003;El Obeid
owt_2304;Sannar;SD;367644;Sinnar
owt_2305;An Nuhud;SD;378699;An Nuhūd
owt_2306;Metema;ET;330789;Metemma
owt_2307;Gonder;ET;336014;Gondar
owt_2308;Aksum;ET;344420;Axum
owt_2309;Massawa;ER;330546;Massawa
owt_231;Halab;SY;170063;Aleppo
owt_2312;Massenya;TD;2428216;Massenya
owt_2313;Nguigmi;NE;2440495;Nguigmi
owt_2314;Yola;NG;2318044;Yola
owt_2315;Sarh;TD;2425791;Sagh
owt_2316;Ndele;CF;237379;Ndélé
owt_2317;Kafia Kingi;SS;373130;Kafia Kingi
owt_2318;Daym Zubayr;SS;376660;Deim Zubeir
owt_2319;Bauchi;NG;2347470;Bauchi
owt_232;Bukhoro;UZ;1217662;Bukhara
owt_2321;Katsina;NG;2334802;Katsina
owt_2322;Sokoto;NG;2322911;Sokoto
owt_2323;Gwandu;NG;2339811;Gwandu
owt_2324;Birnin-Kebbi;NG;2347059;Birnin Kebbi
owt_2325;Salaga;GH;2295684;Salaga
owt_2326;Say;NE;2439812;Say
owt_2327;Aribinda;BF;2363174;Aribinda
owt_2328;Bandiagara;ML;2460489;Bandiagara
owt_2330;Djenne;ML;2458589;Djénné
owt_2331;Segou;ML;2451478;Ségou
owt_2332;Toukoto;ML;2448922;Toukoto
owt_2333;Kayes;ML;2455518;Kayes
owt_2334;Matam;SN;2248752;Matam
owt_2335;Podor;SN;6650652;Podor
owt_2336;Kankan;GN;2419992;Kankan
owt_2337;Timbo;GN;2414758;Timbo
owt_2338;Linguere;SN;2249281;Linguère
owt_2339;Tambacounda;SN;2244991;Tambacounda
owt_2340;Samatiguila;CI;2282124;Samatiguila
owt_2341;Bitlis;TR;321025;Bitlis
owt_2343;Mardin;TR;304797;Mardin
owt_2353;Gaziantep;TR;314830;Gaziantep
owt_2357;Fangak;SS;375557;Fangak
owt_2360;Laqiyat al Arbain;SD;371533;Laqīyat al Arba‘īn
owt_2365;Waw;SS;363885;Wau
owt_2366;Gogrial;SS;374739;Gogrial
owt_2367;Bentiu;SS;377472;Bentiu
owt_2368;Tawfiqiyah;SS;366337;Taufikia
owt_2369;Malakal;SS;370737;Malakal
owt_2370;Kodok;SS;372299;Kodok
owt_2371;Malut;SS;370669;Melut
owt_2372;Kusti;SD;371760;Kosti
owt_2373;Ash Shurayk;SD;378353;Ash Shurayk
owt_2374;Abu Hamad;SD;380858;Abū Ḩamad
owt_2376;Ad Dubaybah;SD;380142;Ad Dubaybah
owt_2377;Al Khandaq;SD;379257;Al Khandaq
owt_2378;Dunqulah;SD;363417;Dongola
owt_2379;Argo;SD;378543;Argo
owt_238;Erzurum;TR;315368;Erzurum
owt_2380;Dalqu;SD;376817;Dalqū
owt_2381;Semna East;SD;367456;Semna East
owt_2382;Wadi Halfa';SD;364132;Wadi Halfa
owt_2383;Al 'Uwaynat;LY;2219689;Al ‘Uwaynāt
owt_2384;Djanet;DZ;2500275;Djanet
owt_2385;Iferouane;NE;2443346;Iferouâne
owt_2386;Hamah;SY;170017;Ḩamāh
owt_2387;Bushehr;IR;139817;Bandar-e Būshehr
owt_2388;Ar Raqqah;SY;172955;Ar Raqqah
owt_2389;Ash Shahar;YE;30490;Ash Shiḩr
owt_239;Dogubayazit;TR;316411;Doğubayazıt
owt_2390;An Najaf;IQ;98860;Najaf
owt_2391;As Suways;EG;359796;Suez
owt_2392;Hawijat Arban;IQ;95886;Al Ḩaqlānīyah
owt_2393;Takestan;IR;113491;Tākestān
owt_2394;Ar Riyad;SA;108410;Riyadh
owt_2395;Rabigh;SA;103035;Rābigh
owt_2397;Unayzah;SA;8394316;Unaizah
owt_2398;Masqat;OM;287286;Muscat
owt_240;Tabriz;IR;113646;Tabriz
owt_2402;Birjand;IR;140463;Bīrjand
owt_2403;Neyriz;IR;122289;Neyrīz
owt_2405;Jask;IR;130271;Jāsk-e Kohneh
owt_2406;Tabas;IR;113659;Tabas
owt_2407;Karachi;PK;1174872;Karachi
owt_2408;Mumbai;IN;1275339;Mumbai
owt_2409;Cochin;IN;1273874;Cochin
owt_241;Feodosiya;UA;709161;Feodosiya
owt_2410;Cuttack;IN;1273780;Cuttack
owt_2411;Mangalore;IN;1263780;Mangalore
owt_2412;Chennai;IN;1264527;Chennai
owt_2413;Panaji;IN;1260607;Panaji
owt_2419;Jam;AF;1139676;Jām
owt_2422;Sasaram;IN;1257086;Sasarām
owt_2423;Aral'sk;KZ;1526265;Aral
owt_2429;Gumushane;TR;746425;Gumushkhane
owt_243;Birecik;TR;321062;Birecik
owt_2430;Bayburt;TR;750938;Bayburt
owt_2431;Askale;TR;323094;Aşkale
owt_2436;Rize;TR;740483;Rize
owt_244;Hims;SY;169577;Homs
owt_245;Sa'gyaxoi;CN;1280107;Sajia
owt_2458;Mohacs;HU;3047967;Mohács
owt_2459;Buda;HU;3054667;Buda
owt_246;Gyangze;CN;1281119;Jiangzi
owt_2460;Osijek;HR;3193935;Osijek
owt_2461;Pazardzhik;BG;728378;Pazardzhik
owt_2462;Kyustendil;BG;729730;Kyustendil
owt_2463;Pristina;XK;786714;Pristina
owt_2464;Corlu;TR;748893;Çorlu
owt_2465;Aytos;BG;733579;Aytos
owt_2466;Isaccea;RO;675495;Isaccea
owt_2467;Babadag;RO;685997;Babadag
owt_2468;Poarta Alba;RO;670376;Poarta Albă
owt_2469;Provadiya;BG;727921;Provadia
owt_247;Xigaze;CN;1279715;Rikaze
owt_2470;Kavak;TR;743853;Kavakköy
owt_2471;Souflion;GR;734187;Souflí
owt_2472;Serrai;GR;734330;Sérres
owt_2473;Aiginion;GR;736964;Aigínio
owt_2474;Argos;GR;264670;Árgos
owt_2475;Kalpakion;GR;261298;Kalpáki
owt_2476;Ioannina;GR;261779;Ioánnina
owt_2477;Ferai;GR;736261;Féres
owt_2478;Kozani;GR;735563;Kozáni
owt_2479;Lamia;GR;258620;Lamía
owt_248;Pagri;CN;1280354;Pagri
owt_2480;Larisa;GR;258576;Lárisa
owt_2481;Vlore;AL;3183719;Vlorë
owt_2482;Gjirokaster;AL;783148;Gjirokastër
owt_2484;Debar;MK;791606;Debar
owt_2485;Shkoder;AL;3184081;Shkodër
owt_2486;Preveza;GR;254698;Préveza
owt_2487;Prizren;XK;786712;Prizren
owt_2489;Bucuresti;RO;683506;Bucharest
owt_249;Xarsingma;CN;1279754;Xarsingma
owt_2490;Giurgiu;RO;677106;Giurgiu
owt_2491;Targoviste;RO;665024;Târgovişte
owt_2492;Brasov;RO;683844;Braşov
owt_2494;Hincesti;MD;617993;Hînceşti
owt_2495;Tutora;RO;664406;Ţuţora
owt_2496;Kiliya;UA;705883;Kiliya
owt_2497;Oltenita;RO;671832;Olteniţa
owt_2498;Famagusta;CY;146617;Famagusta
owt_2499;Aksehir;TR;324490;Akşehir
owt_2500;Amasya;TR;752015;Amasya
owt_2501;Balikesir;TR;322165;Balıkesir
owt_2502;Bolu;TR;750516;Bolu
owt_2503;Erzincan;TR;315373;Erzincan
owt_2504;Iskenderun;TR;311111;İskenderun
owt_2505;Karaman;TR;309527;Karaman
owt_2506;Kastamonu;TR;743882;Kastamonu
owt_2507;Kutahya;TR;305268;Kütahya
owt_2508;Osmancik;TR;740883;Osmancık
owt_2509;Foca;TR;314903;Foça
owt_2512;Cluj-Napoca;RO;681290;Cluj-Napoca
owt_2513;Satu Mare;RO;667873;Satu Mare
owt_2514;Amasra;TR;752016;Amasra
owt_2516;Veliko Turnovo;BG;725993;Veliko Tŭrnovo
owt_2517;Nagykanizsa;HU;3047679;Nagykanizsa
owt_2518;Pecs;HU;3046526;Pécs
owt_2519;Mykolayiv;UA;700569;Mykolayiv
owt_252;Golmud;CN;1281184;Golmud
owt_2521;Hacihamza;TR;746117;Hacıhamza
owt_2522;Lapseki;TR;741878;Lapseki
owt_2523;Erzin;TR;296852;Erzin
owt_2524;Ath Thawrah;SY;172374;Ath Thawrah
owt_2525;Mariupol';UA;701822;Mariupol
owt_2526;Otranto;IT;3171785;Otranto
owt_2527;Zadar;HR;3186952;Zadar
owt_2528;Methoni;GR;257122;Methóni
owt_253;Shiquanhe;CN;1280003;Shiquanhe
owt_2530;Koroni;GR;259265;Koróni
owt_2531;Irakleion;GR;261745;Irákleion
owt_255;Lushar;CN;1801734;Lushar
owt_2552;Iznik;TR;745026;İznik
owt_2553;Sakarya;TR;752850;Adapazarı
owt_2554;Adiyaman;TR;325330;Adıyaman
owt_2556;Kahramanmaras;TR;310859;Kahramanmaraş
owt_2557;Van;TR;298117;Van
owt_256;Darjiling;IN;1273467;Dārjiling
owt_2561;Gemlik;TR;746958;Gemlik
owt_2562;Yalova;TR;738025;Yalova
owt_2563;Rostov-na-Donu;RU;501175;Rostov-na-Donu
owt_257;Kalimpang;IN;1268403;Kālimpong
owt_2572;Alexandroupolis;GR;736928;Alexandroupoli
owt_2573;Ipsala;TR;745148;İpsala
owt_2574;Abu Kamal;SY;174448;Ālbū Kamāl
owt_2577;Beyneu;KZ;610298;Beyneu
owt_2578;Celeken;TM;162079;Çeleken
owt_2579;Fuzhou;CN;1810821;Fuzhou
owt_258;Xining;CN;1788852;Xining
owt_2580;Hangzhou;CN;1808926;Hangzhou
owt_2581;Wuhan;CN;1791247;Wuhan
owt_2582;Qingdao;CN;1797929;Qingdao
owt_2583;Tianjin;CN;1792947;Tianjin
owt_2584;Rudehen;IR;118223;Rūdehen
owt_2585;Ar Ramadi;IQ;98717;Ramadi
owt_2587;Shymkent;KZ;1518980;Shymkent
owt_2588;Sochi;RU;491422;Sochi
owt_2589;Altay;MN;1516393;Altai
owt_259;Zetang;CN;1279498;Zêtang
owt_2590;Kesan;TR;743439;Keşan
owt_2592;Biga;TR;750605;Biga
owt_2593;Bandirma;TR;751077;Bandırma
owt_2594;Boyalica;TR;750450;Boyalıca
owt_2595;Boyabat;TR;750468;Boyabat
owt_2596;Karamursel;TR;744168;Karamürsel
owt_2597;Yevlax;AZ;584649;Yevlakh
owt_2598;Eceabat;TR;747728;Eceabat
owt_2599;Orhangazi;TR;741045;Orhangazi
owt_26;Barnis;EG;359073;Barnīs
owt_2602;Golcuk;TR;746666;Gölcük
owt_2604;Selcuk;TR;301256;Selçuk
owt_2605;Yenicaga;TR;737756;Yeniçağa
owt_2606;Devrek;TR;748167;Devrek
owt_2607;Taskopru;TR;739061;Taşköprü
owt_2608;Hanonu;TR;745884;Hanönü
owt_2609;Havza;TR;745714;Havza
owt_2610;Samsun;TR;740264;Samsun
owt_2611;Mahmatlar;TR;741820;Mahmatlar
owt_2612;Kizilcahamam;TR;743051;Kızılcahamam
owt_2613;Yazicayiri;TR;297379;Yazıçayırı
owt_2615;Sereflikochisar;TR;301116;Şereflikoçhisar
owt_2616;Sarkikaraagac;TR;301539;Şarkîkaraağaç
owt_2617;Ustunler;TR;298282;Üstünler
owt_2619;Mugla;TR;304184;Muğla
owt_2620;Milas;TR;304355;Milas
owt_2621;Burdur;TR;320392;Burdur
owt_2622;Gumusgun;TR;313601;Baradiz
owt_2623;Gelendost;TR;314698;Gelendost
owt_2624;Cetince;TR;318742;Çetince
owt_2625;Yassibel;TR;297605;Yassıbel
owt_2626;Huyuk;TR;311777;Hüyük
owt_2627;Dinar;TR;316634;Dinar
owt_2628;Civril;TR;318264;Çivril
owt_2629;Kocabas;TR;307010;Kocabaş
owt_2630;Alasehir;TR;324172;Alaşehir
owt_2631;Aliaga;TR;324106;Aliağa
owt_2632;Ayvacik;TR;322692;Ayvacık
owt_2633;Turgutlu;TR;298806;Turgutlu
owt_2634;Edremit;TR;315985;Edremit
owt_2635;Ezine;TR;315061;Ezine
owt_2636;Soke;TR;300399;Söke
owt_2637;Fethiye;TR;314967;Fethiye
owt_2638;Kas;TR;308948;Kaş
owt_2639;Kumluca;TR;305681;Kumluca
owt_2640;Mut;TR;304013;Mut
owt_2641;Silifke;TR;300808;Silifke
owt_2642;Ceyhan;TR;318675;Ceyhan
owt_2643;Ulukisla;TR;298414;Ulukışla
owt_2644;Pozanti;TR;302482;Pozantı
owt_2645;Ulas;TR;298471;Ulaş
owt_2647;Nurdagi;TR;415534;Nurdağı
owt_2648;Kilis;TR;307864;Kilis
owt_2649;Zimovniki;RU;462522;Zimovniki
owt_265;Samyai;CN;1280095;Samyai
owt_2650;Goksun;TR;314188;Göksun
owt_2651;Kangal;TR;310554;Kangal
owt_2652;Pazarcik;TR;302800;Pazarcık
owt_2653;Zara;TR;295982;Zara
owt_2654;Divrigi;TR;316544;Divriği
owt_2655;Damlaca;TR;317667;Damlaca
owt_2656;Golbasi;TR;314136;Gölbaşı
owt_2657;Siverek;TR;300614;Siverek
owt_2658;Midyat;TR;304382;Midyat
owt_2659;Batman;TR;321836;Batman
owt_266;Qamdo;CN;1280281;Qamdo
owt_2660;Karpuzlu;TR;309007;Karpuzlu
owt_2661;Baykan;TR;321750;Baykan
owt_2662;Tatvan;TR;299582;Tatvan
owt_2663;Ahlat;TR;325103;Ahlat
owt_2664;Gevas;TR;314557;Gevaş
owt_2665;Ercis;TR;315530;Erciş
owt_2666;Ercek;TR;315535;Erçek
owt_2667;Mus;TR;304081;Muş
owt_2668;Bingol;TR;321082;Bingöl
owt_2669;Ulusar;TR;298387;Uluşar
owt_267;Chengdu;CN;1815286;Chengdu
owt_2670;Sahgeldi;TR;302204;Şahgeldi
owt_2671;Ozalp;TR;303022;Özalp
owt_2672;Kapikoy;TR;310433;Heretil
owt_2673;Patnos;TR;302819;Patnos
owt_2675;Pasinler;TR;302824;Pasinler
owt_2676;Malazgirt;TR;304916;Malazgirt
owt_2677;Hinis;TR;312114;Hınıs
owt_2680;Ucdam;TR;298620;Üçdam
owt_2682;Torul;TR;738668;Torul
owt_2683;Horasan;TR;745527;Horasan
owt_2684;Agri;TR;309647;Ağrı
owt_2686;Karakurt;TR;744216;Karakurt
owt_2687;Cayarasi;TR;749521;Çayarası
owt_2688;Kagizman;TR;744873;Kağızman
owt_2689;Sarikamis;TR;740088;Sarıkamış
owt_2690;Gyumri;AM;616635;Gyumri
owt_2691;Maku;IR;6672193;Mākū
owt_2692;Yenikoy;TR;297029;Gümüş Yeniköy
owt_2694;Pinarbasi;TR;302667;Pınarbaşı
owt_2696;Elista;RU;563514;Elista
owt_2697;Sal'sk;RU;499161;Sal’sk
owt_2699;Lausanne;CH;2659994;Lausanne
owt_270;Nan'an;CN;7795707;Nan’an
owt_2700;Alessandria;IT;3183299;Alessandria
owt_2701;Asti;IT;3182714;Asti
owt_2702;Brugge;BE;2800931;Brugge
owt_2703;Troyes;FR;2971549;Troyes
owt_2704;Macon;FR;2996882;Mâcon
owt_2705;Lisboa;PT;2267057;Lisbon
owt_2706;Alicante;ES;2521978;Alicante
owt_2707;Valencia;ES;2509954;Valencia
owt_2708;Tortosa;ES;3107677;Tortosa
owt_2709;Palma de Mallorca;ES;2512989;Palma
owt_2710;Malaga;ES;2514256;Málaga
owt_2711;Perpignan;FR;2987914;Perpignan
owt_2712;Barletta;IT;3182340;Barletta
owt_2713;Bologna;IT;3181928;Bologna
owt_2714;Cagliari;IT;2525473;Cagliari
owt_2715;Ferrara;IT;3177090;Ferrara
owt_2716;Firenze;IT;3176959;Florence
owt_2717;Gaeta;IT;3176438;Gaeta
owt_2718;Genova;IT;3176219;Genoa
owt_2720;Lucca;IT;3174530;Lucca
owt_2721;Napoli;IT;3172394;Naples
owt_2722;Parma;IT;3171457;Parma
owt_2723;Padova;IT;3171728;Padova
owt_2724;Perugia;IT;3171180;Perugia
owt_2725;Piacenza;IT;3171058;Piacenza
owt_2726;Pisa;IT;3170647;Pisa
owt_2727;Siena;IT;3166548;Siena
owt_2728;Torino;IT;3165524;Turin
owt_2729;Verona;IT;3164527;Verona
owt_2730;Aulla;IT;3182686;Aulla
owt_2731;Jougne;FR;3012211;Jougne
owt_274;Astrakhan';RU;580497;Astrakhan
owt_2748;Tallard;FR;2973485;Tallard
owt_2750;Moulins;FR;2991481;Moulins
owt_2751;Caen;FR;3029241;Caen
owt_2752;Pre-en-Pail;FR;2985491;Pré-en-Pail
owt_2753;Calatayud;ES;3127047;Calatayud
owt_2754;Soria;ES;3108681;Soria
owt_2755;Valladolid;ES;3106672;Valladolid
owt_2756;Almeria;ES;2521886;Almería
owt_2762;Quanzhou;CN;1797353;Quanzhou
owt_2763;Yangzhou;CN;1787227;Yangzhou
owt_2764;Penglai;CN;1812988;Dengzhou
owt_2766;Lianzhou;CN;1803842;Lianzhou
owt_2767;Beihai;CN;1816705;Beihai
owt_2768;Ningbo;CN;1799397;Ningbo
owt_2770;Xucheng;CN;1787837;Xucheng
owt_2771;Wenzhou;CN;1791388;Wenzhou
owt_2772;Pulandian;CN;1798490;Pulandian
owt_2774;Shaoxing;CN;1795855;Shaoxing
owt_2775;Guangzhou;CN;1809858;Guangzhou
owt_278;Roncesvalles;ES;3111371;Orreaga
owt_2780;Como;IT;3178229;Como
owt_2784;Nantua;FR;2990932;Nantua
owt_279;Khujand;TJ;1514879;Khŭjand
owt_2791;Strasbourg;FR;2973783;Strasbourg
owt_2793;Gent;BE;2797656;Gent
owt_2794;Namur;BE;2790471;Namur
owt_2795;Augsburg;DE;2954172;Augsburg
owt_2796;Bremen;DE;2944388;Bremen
owt_2797;Braunschweig;DE;2945024;Braunschweig
owt_2798;Chemnitz;DE;2940132;Chemnitz
owt_2799;Celle;DE;2940213;Celle
owt_280;Azov;RU;580054;Azov
owt_2800;Hamburg;DE;2911298;Hamburg
owt_2801;Hannover;DE;2910831;Hannover
owt_2802;Hildesheim;DE;2904789;Hildesheim
owt_2803;Dresden;DE;2935022;Dresden
owt_2805;Karlsruhe;DE;2892794;Karlsruhe
owt_2806;Luneburg;DE;2875115;Lüneburg
owt_2807;Mering;DE;2871813;Mering
owt_2808;Minden;DE;2871039;Minden
owt_2809;Osnabruck;DE;2856883;Osnabrück
owt_281;Le Puy;FR;3002465;Le Puy-en-Velay
owt_2810;Paderborn;DE;2855745;Paderborn
owt_2811;Rostock;DE;2844588;Rostock
owt_2812;Saarbrucken;DE;2842647;Saarbrücken
owt_2813;Ulm;DE;2820256;Ulm
owt_2814;Zelenogradsk;RU;463828;Zelenogradsk
owt_2815;Pest;HU;3046446;Pest
owt_2816;Konstanz;DE;2885679;Konstanz
owt_2818;Kepno;PL;3096338;Kępno
owt_2819;Koszalin;PL;3095049;Koszalin
owt_282;Saint-Chely-d'Aubrac;FR;2981192;Saint-Chély-d’Aubrac
owt_2821;Hengelo;NL;2754394;Hengelo
owt_2822;Innsbruck;AT;2775220;Innsbruck
owt_2823;Villach;AT;2762372;Villach
owt_2825;Brzeg;PL;3102459;Brzeg
owt_2826;Hradec Kralove;CZ;3074967;Hradec Králové
owt_2827;Bruck an der Mur;AT;2781371;Bruck an der Mur
owt_2828;Wismar;DE;2807465;Wismar
owt_2829;Nijmegen;NL;2750053;Nijmegen
owt_283;Aumont-Aubrac;FR;3036097;Aumont-Aubrac
owt_2830;Marburg an der Lahn;DE;2873759;Marburg an der Lahn
owt_2831;Alsfeld;DE;2958128;Alsfeld
owt_2833;Boboszow;PL;3103175;Boboszów
owt_2837;Gniew;PL;3099127;Gniew
owt_2838;Niemcza;PL;3090967;Niemcza
owt_284;Nasbinals;FR;2990905;Nasbinals
owt_2840;Szczebrzeszyn;PL;757452;Szczebrzeszyn
owt_2841;Sitaniec;PL;759197;Sitaniec
owt_2842;Rozwadow;PL;760185;Rozwadów
owt_2843;Ulanow;PL;756377;Ulanów
owt_2844;Uchanie;PL;756425;Uchanie
owt_2845;Krzeszow;PL;767281;Krzeszów Górny
owt_2846;Krasnystaw;PL;767605;Krasnystaw
owt_2847;Keblow Stary;PL;769327;Kębłów Stary
owt_2848;Zamosc;PL;753866;Zamość
owt_2849;Tarnogrod;PL;757029;Tarnogród
owt_285;Conques;FR;3023872;Conques
owt_2850;Zamch;PL;753885;Zamch
owt_2851;Lubaczow;PL;765932;Lubaczów
owt_2852;Labunie;PL;766896;Łabunie
owt_2853;Izbica;PL;770751;Izbica
owt_2854;Horyszow Ruski;PL;770982;Horyszów Ruski
owt_2855;Wojslawice;PL;755369;Wojsławice
owt_2856;Witkow;PL;755539;Witków
owt_2857;Frampol;PL;772492;Frampol
owt_2858;Yavoriv;UA;688288;Yavoriv
owt_2859;Belz;UA;712471;Belz
owt_286;Estaing;FR;3019580;Estaing
owt_2860;Velikiye Mosty;UA;690155;Velyki Mosty
owt_2861;Zhovkva;UA;687093;Zhovkva
owt_2862;Kulikov;UA;703717;Kulikov
owt_2863;Ustilug;UA;690604;Ustyluh
owt_2864;Dobrosin;UA;709896;Dobrosìn
owt_2865;Rava-Rus'ka;UA;695781;Rava-Rus’ka
owt_2867;Wolfen;DE;2806919;Wolfen
owt_2868;Angermunde;DE;2956093;Angermünde
owt_2869;Bernau;DE;2950096;Bernau bei Berlin
owt_287;Senergues;FR;2975109;Sénergues
owt_2870;Lebork;PL;3093739;Lębork
owt_2871;Drescha;DE;2935035;Drescha
owt_2872;Amberg;DE;2956656;Amberg
owt_2873;Zwickau;DE;2803560;Zwickau
owt_2874;Cheb;CZ;3077835;Cheb
owt_2875;Weiden;DE;2813040;Weiden
owt_2876;Landshut;DE;2881485;Landshut
owt_2877;Muhldorf;DE;2868506;Mühldorf
owt_2878;Rosenheim;DE;2844988;Rosenheim
owt_2879;Kufstein;AT;2773300;Kufstein
owt_288;Saint-Come-d'Olt;FR;2981027;Saint-Côme-d’Olt
owt_2880;Rattenberg;AT;2767902;Rattenberg
owt_2881;Jenbach;DE;2895038;Jenbach
owt_2882;Matrei am Brenner;AT;2771830;Matrei am Brenner
owt_2883;Steinach am Brenner;AT;2764557;Steinach am Brenner
owt_2884;Bolzano;IT;3181913;Bolzano
owt_2885;Fortezza;IT;3176671;Fortezza
owt_2886;Rovereto;IT;3168854;Rovereto
owt_2888;Dolce;IT;3177552;Dolcè
owt_289;Sevilla;ES;2510911;Sevilla
owt_2890;Ostiglia;IT;3171792;Ostiglia
owt_2891;Isola della Scala;IT;3175428;Isola della Scala
owt_2892;Mirandola;IT;3173370;Mirandola
owt_2893;Pianoro;IT;3170937;Pianoro
owt_2894;Firenzuola;IT;3176952;Firenzuola
owt_2895;Scarperia;IT;3166955;Scarperia
owt_2896;San Casciano in Val di Pesa;IT;3168498;San Casciano in Val di Pesa
owt_2897;Poggibonsi;IT;3170504;Poggibonsi
owt_2898;Acquapendente;IT;3183516;Acquapendente
owt_2899;Montefiascone;IT;3172931;Montefiascone
owt_29;Bayrut;LB;268743;Ra’s Bayrūt
owt_290;Merida;ES;2513917;Mérida
owt_2900;Viterbo;IT;3164039;Viterbo
owt_2901;San Michele all'Adige;IT;3167963;San Michele All'Adige
owt_2902;Magre all' Adige;IT;3174236;Magrè all'Adige
owt_2903;Loiano;IT;3174629;Loiano
owt_2904;Buonconvento;IT;3181407;Buonconvento
owt_2905;San Quirico d'Orcia;IT;3167783;San Quirico d'Orcia
owt_2906;Radicofani;IT;3169640;Radicofani
owt_2907;Ronciglione;IT;3169012;Ronciglione
owt_2908;Monterosi;IT;3172772;Monterosi
owt_291;Caceres;ES;2520611;Cáceres
owt_2910;Goleniow;PL;3098966;Goleniów
owt_2911;Ribe;DK;2614813;Ribe
owt_2912;Flensburg;DE;2926271;Flensburg
owt_2913;Plon;DE;2853162;Plön
owt_2914;Sternberg;DE;2827336;Sternberg
owt_2915;Tangermunde;DE;2824254;Tangermünde
owt_2916;Stassfurt;DE;2829422;Staßfurt
owt_2917;Hettstedt;DE;2905206;Hettstedt
owt_2918;Arnstadt;DE;2955439;Arnstadt
owt_2919;Ilmenau;DE;2896514;Ilmenau
owt_292;Zamora;ES;3104342;Zamora
owt_2920;Eisfeld;DE;2931433;Eisfeld
owt_2921;Neumunster;DE;2864475;Neumünster
owt_2922;Bad Wilsnack;DE;2953316;Bad Wilsnack
owt_2924;Klosterlechfeld;DE;2887449;Klosterlechfeld
owt_2925;Romerkessel;DE;2845323;Römerkessel
owt_2926;Saulgrub;DE;2841124;Saulgrub
owt_2927;Forchheim;DE;2925910;Forchheim
owt_2928;Erlangen;DE;2929567;Erlangen
owt_2929;Donauworth;DE;2936253;Donauwörth
owt_293;Salamanca;ES;3111108;Salamanca
owt_2930;Roth;DE;2844265;Roth
owt_2931;Weissenburg in Bayern;DE;2811909;Weißenburg in Bayern
owt_2932;Monheim;DE;2869792;Monheim
owt_2933;Landsberg am Lech;DE;2881509;Landsberg am Lech
owt_2934;Schongau;DE;2836616;Schongau
owt_2935;Garmisch-Partenkirchen;DE;2922530;Garmisch-Partenkirchen
owt_2936;Mittenwald;DE;2870482;Mittenwald
owt_2937;Seefeld in Tirol;AT;2765278;Seefeld in Tirol
owt_294;Astorga;ES;3129231;Astorga
owt_2940;Wernigerode;DE;2810808;Wernigerode
owt_2941;Ilfeld;DE;2896592;Ilfeld
owt_2942;Gottingen;DE;2918632;Göttingen
owt_2943;Muhlhausen;DE;2867996;Mühlhausen
owt_2944;Hasselfelde;DE;2909386;Hasselfelde
owt_2945;Heilbad Heiligenstadt;DE;2907545;Heilbad Heiligenstadt
owt_2946;Molln;DE;2869994;Mölln
owt_2947;Heldrungen;DE;2906990;Heldrungen
owt_2949;Butzbach;DE;2940512;Butzbach
owt_295;Santiago de Compostela;ES;3109642;Santiago de Compostela
owt_2950;Bad Mergentheim;DE;2953402;Bad Mergentheim
owt_2951;Friedberg;DE;2924802;Friedberg
owt_2952;Seligenstadt;DE;2833242;Seligenstadt
owt_2953;Miltenberg;DE;2871079;Miltenberg
owt_2954;Crailsheim;DE;2939797;Crailsheim
owt_2955;Dinkelsbuhl;DE;2936886;Dinkelsbühl
owt_2956;Nordlingen;DE;2861914;Nördlingen
owt_2957;Giessen;DE;2920512;Gießen
owt_2958;Kleve;DE;2887835;Kleve
owt_2959;Geldern;DE;2921528;Geldern
owt_296;Gorgan;IR;132892;Gorgān
owt_2960;Neuss;DE;2864118;Neuss
owt_2961;Bonn;DE;2946447;Bonn
owt_2962;Bingen am Rhein;DE;2948825;Bingen am Rhein
owt_2963;Andernach;DE;2956206;Andernach
owt_2964;Koblenz;DE;2886946;Koblenz
owt_2965;Worms;DE;2806142;Worms
owt_2966;Heidelberg;DE;2907911;Heidelberg
owt_2967;Mosbach;DE;2869120;Mosbach
owt_2968;Schorndorf;DE;2836320;Schorndorf
owt_2969;Biberach an der Riss;DE;2949423;Biberach an der Riß
owt_297;Rieutort;FR;2983595;Rieutort
owt_2970;Ravensburg;DE;2849802;Ravensburg
owt_2971;Lindau;DE;2877550;Lindau
owt_2972;Chur;CH;2661169;Chur
owt_2973;Bregenz;AT;2781503;Bregenz
owt_2974;Feldkirch;AT;2779674;Feldkirch
owt_2975;Pavia;IT;3171366;Pavia
owt_2976;Brescello;IT;3181555;Brescello
owt_2977;Utrecht;NL;2745912;Utrecht
owt_2979;Chiavenna;IT;3178829;Chiavenna
owt_298;Aubrac;FR;3036311;Aubrac
owt_2980;Nieuwpoort;BE;2790150;Nieuwpoort
owt_2981;Bruxelles;BE;2800866;Brussels
owt_2982;Leuven;BE;2792482;Leuven
owt_2983;Maastricht;NL;2751283;Maastricht
owt_2984;Hillesheim;DE;2904691;Hillesheim
owt_2985;Murlenbach;DE;2867452;Mürlenbach
owt_2986;Selestat;FR;2975233;Sélestat
owt_2987;Breisach am Rhein;DE;2944800;Breisach am Rhein
owt_2988;Rheinfelden;DE;2847639;Rheinfelden (Baden)
owt_2989;Brugg;CH;2661374;Brugg
owt_2990;Zurich;CH;2657896;Zürich
owt_2992;Rimini;IT;3169361;Rimini
owt_2993;Foligno;IT;3176854;Foligno
owt_2994;Spoleto;IT;3166236;Spoleto
owt_2995;Narni;IT;3172377;Narni
owt_2996;Porto Recanati;IT;3170075;Porto Recanati
owt_2997;Camerino;IT;3181094;Camerino
owt_2998;Novy Jicin;CZ;3069305;Nový Jičín
owt_2999;Vyskov;CZ;3062283;Vyškov
owt_300;Espalion;FR;3019717;Espalion
owt_3001;Wiener Neustadt;AT;2761353;Wiener Neustadt
owt_3002;Schottwien;AT;2765637;Schottwien
owt_3003;Judenburg;AT;2775020;Judenburg
owt_3004;Neumarkt in Steiermark;AT;2770720;Neumarkt in Steiermark
owt_3005;Friesach;AT;2779229;Friesach
owt_3006;Sankt Veit an der Glan;AT;2766359;Sankt Veit an der Glan
owt_3008;Pontebba;IT;3170297;Pontebba
owt_3009;Gemona del Friuli;IT;3176234;Gemona
owt_301;Espeyrac;FR;3019689;Espeyrac
owt_3010;San Daniele del Friuli;IT;3168438;San Daniele del Friuli
owt_3011;Spilimbergo;IT;3166262;Spilimbergo
owt_3012;Treviso;IT;3165201;Treviso
owt_3013;Sigmaringen;DE;2832232;Sigmaringen
owt_3014;Radolfzell am Bodensee;DE;2850954;Radolfzell am Bodensee
owt_3015;Winterthur;CH;2657970;Winterthur
owt_3016;Sankt Gallen;CH;2658822;Sankt Gallen
owt_3017;Vipiteno;IT;3164065;Vipiteno
owt_3018;Chiusa;IT;3178764;Chiusa
owt_3019;Brescia;IT;3181554;Brescia
owt_302;La Chaze-de-Peyre;FR;3010065;La Chaze-de-Peyre
owt_3020;Gyor;HU;3052009;Győr
owt_3021;Banska Bystrica;SK;3061186;Banská Bystrica
owt_3022;Freiberg;DE;2925192;Freiberg
owt_3023;Bern;CH;2661552;Bern
owt_3024;Sint-Truiden;BE;2786545;Sint-Truiden
owt_3025;Tienen;BE;2785470;Tienen
owt_3026;Aalst;BE;2803448;Aalst
owt_3027;Huy;BE;2795113;Huy
owt_3028;Mons;BE;2790869;Mons
owt_3029;Valenciennes;FR;2971041;Valenciennes
owt_3030;Douai;FR;3021000;Douai
owt_3031;Arras;FR;3036784;Arras
owt_3032;Montreuil-sur-Mer;FR;2992061;Montreuil
owt_3033;Pula;HR;3192224;Pula
owt_3034;Aigues-Mortes;FR;3038493;Aigues-Mortes
owt_3035;Houmt Souk;TN;2470384;Houmt Souk
owt_3036;Annaba;DZ;2506999;Annaba
owt_3037;Bejaia;DZ;2505329;Bejaïa
owt_3038;Oran;DZ;2485926;Oran
owt_3044;Sandwich;GB;2638542;Sandwich
owt_3057;Durham;GB;2650628;Durham
owt_3058;York;GB;2633352;York
owt_3059;Worcester;GB;2633563;Worcester
owt_3060;Chipping Campden;GB;2653140;Chipping Campden
owt_3062;Canaveral;ES;2520295;Cañaveral
owt_3063;Bailen;ES;2521410;Bailén
owt_3064;Madrid;ES;3117735;Madrid
owt_3066;Novi Sad;RS;3194360;Novi Sad
owt_3067;Tanger;MA;2530335;Tangier
owt_3068;Kaunas;LT;598316;Kaunas
owt_3069;Vologda;RU;472459;Vologda
owt_307;Aosta;IT;3182997;Aosta
owt_3070;Tiraspol;MD;617239;Tiraspolul
owt_3071;Ribnita;MD;617486;Rîbniţa
owt_3072;Mohyliv-Podil's'kyy;UA;700918;Mohyliv-Podil’s’kyy
owt_3073;Loyew;BY;625907;Loyew
owt_3074;Rahachow;BY;622739;Rahachow
owt_3075;Kissamos;GR;259718;Kíssamos
owt_3076;Kholm;RU;549797;Kholm
owt_3078;Orsha;BY;624079;Orsha
owt_3079;Cetinje;ME;3202641;Cetinje
owt_3080;Subotica;RS;3189595;Subotica
owt_3081;Donji Milanovac;RS;791175;Donji Milanovac
owt_3082;Drobeta-Turnu Severin;RO;678817;Drobeta-Turnu Severin
owt_3083;Bechet;RO;685216;Bechet Nou
owt_3084;Pleven;BG;728203;Pleven
owt_3085;Cherkasy;UA;710791;Cherkasy
owt_3086;Kremenchuk;UA;704147;Kremenchuk
owt_3087;Dnipropetrovs'k;UA;709930;Dnipro
owt_3088;Zaporizhzhya;UA;687700;Zaporizhia
owt_3089;Nikopol';UA;700051;Nikopol’
owt_3090;Kirklareli;TR;743166;Kırklareli
owt_3091;Abrantes;PT;2272447;Abrantes
owt_3092;Castelo de Vide;PT;2269508;Castelo de Vide
owt_3093;Kalach-na-Donu;RU;554397;Kalach-na-Donu
owt_3094;Velikiye Luki;RU;476077;Velikiye Luki
owt_3129;Dordrecht;NL;2756669;Dordrecht
owt_3130;Boston;GB;2655138;Boston
owt_3131;Bergen;NO;3161732;Bergen
owt_3164;Huairen;CN;1807671;Yunzhong
owt_3165;Lulong;CN;1802022;Lulong
owt_3181;Zhangjiakou;CN;2033196;Zhangjiakou
owt_3187;Daiyue;CN;1814208;Daiyue
owt_3189;Laocheng;CN;2036220;Laocheng
owt_3190;Tieling;CN;2034439;Tieling
owt_3191;Fengrun;CN;1811260;Fengrun
owt_3192;Liaoyang;CN;2036113;Liaoyang
owt_3193;Haicheng;CN;2037086;Haicheng
owt_3194;Gaizhou;CN;2037325;Gaizhou
owt_3195;Fuzhoucheng;CN;1810819;Fuzhoucheng
owt_3196;Jinzhou;CN;1805298;Jinzhou
owt_3197;Guangning;CN;2053648;Guangning
owt_3198;Yizhou;CN;2033336;Yizhou
owt_32;Bergama;TR;321426;Bergama
owt_320;Salzburg;AT;2766824;Salzburg
owt_3200;Xingcheng;CN;2033766;Xingcheng
owt_3201;Suizhong;CN;2034647;Suizhong
owt_3202;Shanhaiguan;CN;2034996;Shanhaiguan
owt_3204;Tongzhou;CN;1792520;Tongzhou
owt_3205;Xifengkou;CN;2033864;Xifengkou
owt_3206;Gubeikou;CN;2037173;Gubeikou
owt_3207;Yuzhou;CN;1785564;Yuzhou
owt_3208;Shuozhou;CN;1794328;Shuozhou
owt_3209;Xuanhua;CN;2033574;Zhangjiakou Shi Xuanhua Qu
owt_321;Trento;IT;3165243;Trento
owt_3210;Wanquan;CN;2036294;Wanquan
owt_3212;Zhuozhou;CN;1783851;Zhuozhou
owt_3213;Liangxiang;CN;1803948;Liangxiang
owt_3214;Daixian;CN;1814213;Shangguan
owt_3215;Pianguan;CN;1798889;Xinguan
owt_3216;Yuci;CN;1785974;Yuci
owt_3217;Guiyang;CN;1809461;Guiyang
owt_3218;Dingzhou;CN;1812728;Dingzhou
owt_322;Bratislava;SK;3060972;Bratislava
owt_3220;Dushikou;CN;2037527;Dushikou
owt_3221;Shacheng;CN;2035072;Shacheng
owt_3222;Hunyuan;CN;1806687;Yong’an
owt_3223;Wangzhuangbu;CN;1791819;Wangzhuangbu
owt_3224;Xinguangwu;CN;1788917;Xinguangwu
owt_3226;Shouyang;CN;1794779;Chaoyang
owt_3227;Pingding;CN;1798828;Guanshan
owt_3228;Weishui;CN;1791608;Weishui
owt_3229;Luquan;CN;1806656;Huolu
owt_323;Venezia;IT;3164603;Venice
owt_3230;Zhengding;CN;1784712;Zhengding
owt_3231;Xinle;CN;1812647;Xinle
owt_3232;Kelan;CN;1804775;Lanyi
owt_3233;Wangdu;CN;1792113;Wangdu
owt_3234;Baoding;CN;1816971;Baoding
owt_3235;Ansu;CN;1787852;Ansu
owt_3236;Dingxing;CN;1812741;Dingxing
owt_3238;Taigu;CN;1793691;Mingxing
owt_3239;Pingyao;CN;1798636;Gutao
owt_3240;Fenyang;CN;1811116;Fenyang
owt_3241;Lishi;CN;1803255;Lishi
owt_3242;Mingzhou;CN;1800483;Mingzhou
owt_3243;Yulin;CN;1785777;Yulinshi
owt_3244;Luancheng;CN;1802204;Luancheng
owt_3245;Zhaozhou;CN;1784824;Zhaozhou
owt_3246;Baixiang;CN;1817287;Baixiang
owt_3247;Neiqiu;CN;1799482;Neiqiu
owt_3248;Xingtai;CN;1788927;Xingtai
owt_3249;Shahe;CN;1909116;Shahe
owt_3250;Handan;CN;1808963;Handan
owt_3251;Gaobeidian;CN;1810614;Gaobeidian
owt_3252;Xiongzhou;CN;1788401;Xiongzhou
owt_3253;Renqiu;CN;1797181;Renqiu
owt_3254;Hejian;CN;1808614;Hejian
owt_3255;Leshou;CN;1790359;Leshou
owt_3256;Fucheng;CN;1811072;Fucheng
owt_3257;Jingzhou;CN;1805567;Jingzhou
owt_3258;Dezhou;CN;1812955;Dezhou
owt_3259;Encheng;CN;1811727;Encheng
owt_3260;Gaotang;CN;1810363;Gaotang
owt_3261;Chiping;CN;1814986;Chiping
owt_3262;Tongcheng;CN;1792699;Tongcheng
owt_3263;Pingyuan;CN;1798623;Pingyuan
owt_3264;Qihe;CN;1798052;Qihe
owt_3265;Jinan;CN;1805753;Jinan
owt_3266;Feicheng;CN;1789176;Feicheng
owt_3267;Qingzhou;CN;1786731;Qingzhou
owt_3268;Weifang;CN;1791681;Weifang
owt_3269;Pingdu;CN;1798821;Pingdu
owt_3270;Cizhou;CN;1814722;Cizhou
owt_3271;Huangcheng;CN;1807152;Donglai
owt_3272;Laizhou;CN;1804578;Weichanglu
owt_3273;Gaomi;CN;1810458;Gaomi
owt_3274;Zhucheng;CN;1783988;Mizhou
owt_3275;Rizhao;CN;1797132;Rizhao
owt_3276;Qingkou;CN;1797859;Qingkou
owt_3278;Shuyang;CN;9816551;Shuyang
owt_3279;Huai'an;CN;1797873;Huai'an
owt_328;Narva;EE;590031;Narva
owt_3280;Dongping;CN;1812329;Dongping
owt_3281;Wenshang;CN;1791428;Wenshang
owt_3282;Jining;CN;1805518;Jining
owt_3283;Yanzhou;CN;1787031;Yanzhou
owt_3284;Zoucheng;CN;1783633;Zoucheng
owt_3285;Anyang;CN;1785294;Anyang
owt_3286;Tengzhou;CN;1793036;Chengtangcun
owt_3287;Peicheng;CN;1798972;Peicheng
owt_3288;Xuzhou;CN;1787824;Tongshan
owt_3289;Tangyin;CN;1793294;Tangyang Chengguanzhen
owt_3290;Qixian;CN;1784933;Chaoge
owt_3291;Weihui;CN;1805031;Chengjiao
owt_3292;Xinxiang;CN;1788572;Nangandao
owt_3293;Yanjin;CN;1787165;Yanjin Chengguanzhen
owt_3294;Fengqiu;CN;1811265;Fengqiu Chengguanzhen
owt_3295;Zhengzhou;CN;1784658;Zhengzhou
owt_3296;Huojia;CN;1806673;Huojia Chengguanzhen
owt_3297;Xiuwu;CN;1788249;Xiuwu Chengguanzhen
owt_3298;Mucheng;CN;1800341;Mucheng
owt_3299;Qinyang;CN;10362504;Qinyang
owt_330;Tallinn;EE;588409;Tallinn
owt_3300;Mengzhou;CN;1800684;Huichang
owt_3301;Mengjin;CN;1783562;Mengjin Chengguanzhen
owt_3302;Jincheng;CN;1805741;Jincheng
owt_3303;Changzhi;CN;1808956;Changzhi
owt_3304;Qinxian;CN;1797559;Dingchang
owt_3305;Jingle;CN;1805622;Echeng
owt_3306;Wucheng;CN;1791340;Wucheng
owt_3307;Jimingyi;CN;2036494;Jimingyi
owt_3308;Huashaoying;CN;2036703;Huashaoying
owt_3309;Xiheying;CN;1789435;Xiheying
owt_331;Gdansk;PL;3099434;Gdańsk
owt_3310;Lishan;CN;1803266;Lintong
owt_3311;Linfen;CN;1803567;Linfen
owt_3312;Quwo;CN;1797287;Lechang
owt_3313;Wenxi;CN;1791409;Tongcheng
owt_3314;Yuncheng;CN;1785738;Yuncheng
owt_3315;Huayin;CN;1806988;Huayin
owt_3317;Yan'an;CN;1787765;Yan’an
owt_3319;Shipu;CN;1795065;Shipu
owt_3320;Yaoxian;CN;11212867;Yaoxian
owt_3321;Sanyuan;CN;1796527;Sanyuan Chengguanzhen
owt_3322;Qingcheng;CN;1797656;Qingcheng
owt_3323;Huancheng;CN;1807603;Huancheng
owt_3324;Yinchuan;CN;1786657;Yinchuan
owt_3325;Binxian;CN;1816337;Binxian
owt_3327;Xianyang;CN;1790353;Xianyang
owt_3328;Weinan;CN;1791636;Weinan
owt_3329;Huaxian;CN;1807005;Huazhou
owt_3330;Tongguan;CN;1792677;Tongguan
owt_3332;Lingbao;CN;1804413;Lingbao Laocheng
owt_3333;Sanmenxia;CN;1796669;Sanmenxia
owt_3334;Mianchi;CN;1800647;Mianchi Chengguanzhen
owt_3335;Xin'an;CN;1789261;Xin’an Chengguanzhen
owt_3336;Jiangzhang;CN;1806200;Jiangzhang
owt_3337;Fufeng;CN;1811044;Fufeng
owt_3338;Fengming;CN;7368871;Fengming
owt_3339;Fengxiang;CN;7353795;Fengxiang Chengguanzhen
owt_3340;Guodian;CN;1809348;Guodian
owt_3341;Shuangshipu;CN;1794593;Shuangshipu
owt_3342;Liuba;CN;1803214;Liuba
owt_3343;Baohe;CN;1816980;Baohe
owt_3344;Mianxian;CN;1800629;Mianyang
owt_3345;Ningqiang;CN;1799362;Hanyuan
owt_3346;Guangyuan;CN;1806466;Guangyuan
owt_3347;Zhaohua;CN;1784914;Zhaohua
owt_3348;Pu'an;CN;1798537;Pu’an
owt_3349;Wenchang;CN;1783699;Wenchang
owt_3350;Mianyang;CN;1800627;Mianyang
owt_3351;Luojiang;CN;1801909;Luojiang
owt_3352;Deyang;CN;1812961;Deyang
owt_3354;Xindu;CN;1789095;Xindu
owt_3355;Dongxichang;CN;1812164;Dongxi
owt_3356;Langzhong;CN;1816924;Langzhong
owt_3357;Nanlong;CN;1799908;Nanlong
owt_3358;YunXi;CN;1785666;Yunxi
owt_3359;Tongchuan;CN;1792692;Tongchuan
owt_3360;Xinzheng;CN;1788466;Xinhualu
owt_3361;Xiangcheng;CN;1790601;Xiangcheng Chengguanzhen
owt_3362;Kunyang;CN;1786790;Kunyang
owt_3363;Fangcheng;CN;1811594;Fangcheng Chengguanzhen
owt_3364;Nanyang;CN;1799629;Nanyang
owt_3365;Xinye;CN;1788522;Hancheng
owt_3366;Xiangfan;CN;1790587;Xiangyang
owt_3367;Yicheng;CN;1786759;Yicheng
owt_3368;Jingmen;CN;1805611;Jingmen
owt_337;Schleswig;DE;2838634;Schleswig
owt_3370;Douhudi;CN;1812012;Douhudi
owt_3371;Lixian;CN;1802812;Liyang
owt_3372;Changde;CN;1791121;Changde
owt_3373;Zhangjiang;CN;1793105;Zhangjiang
owt_3374;Yuanling;CN;1786066;Yuanling
owt_3375;Wuxi;CN;1928619;Wuxi
owt_3376;Chenyang;CN;1815068;Chenyang
owt_3377;Zhijiang;CN;1784525;Zhijiang
owt_3378;Xinhuang;CN;1788863;Xinhuang
owt_3379;Pingxi;CN;10049673;Pingxi
owt_338;Visby;SE;2662689;Visby
owt_3380;Qinglang;CN;1797676;Qinglang
owt_3381;Wuyang;CN;1790888;Wuyang
owt_3382;Shibing;CN;1795479;Shibing
owt_3383;Xinzhou;CN;1788456;Huangping
owt_3384;Lushan;CN;1801740;Lushan
owt_3385;Guiding;CN;1809524;Guiding
owt_3386;Longshan;CN;1802445;Longshan
owt_3387;Qingzhen;CN;1797610;Qingzhen
owt_3388;Pingba;CN;1798861;Pingba
owt_3389;Anshun;CN;1817968;Anshun
owt_339;Regensburg;DE;2849483;Regensburg
owt_3390;Zhenning;CN;1783579;Zhenning
owt_3391;Guansuo;CN;1809773;Guansuo
owt_3392;Liancheng;CN;1804118;Liancheng
owt_3393;Panshui;CN;1799024;Panshui
owt_3394;Panxian;CN;1799007;Panxian
owt_3395;Zhong'an;CN;1784477;Zhong’an
owt_3396;Qujing;CN;1797318;Qujing
owt_3397;Tongquan;CN;1792594;Tongquan
owt_3398;Yanglin;CN;1787465;Yanglin
owt_3399;Kunming;CN;1804651;Kunming
owt_34;Boulogne-sur-Mer;FR;3031133;Boulogne-sur-Mer
owt_340;Zawichost;PL;753611;Zawichost
owt_3400;Weishi;CN;1791610;Weishi Chengguanzhen
owt_3401;Anling;CN;1787141;Anling
owt_3402;Xuchang;CN;1788046;Jiangguanchi
owt_3403;Linying;CN;1803315;Linying
owt_3404;Shangcai;CN;1796303;Chongyang
owt_3405;Runan;CN;1797038;Runing
owt_3406;Zhengyang;CN;1784667;Zhenyang
owt_3407;Luoshan;CN;1801847;Luoshan Chengguanzhen
owt_3408;Hong'an;CN;1807598;Hong’an Chengguanzhen
owt_3409;Macheng;CN;1801582;Macheng
owt_3410;Tuanfeng;CN;1792467;Tuanfeng
owt_3411;Hankou;CN;1808894;Hankou
owt_3412;Xianning;CN;1790396;Xianning
owt_3413;Puqi;CN;1798473;Puqi
owt_3414;Linxiang;CN;1803325;Chang’an
owt_3415;Yongjiawan;CN;1785884;Yongjiawan
owt_3416;Wenxing;CN;1790451;Wenxing
owt_3417;Changsha;CN;1815577;Changsha
owt_3418;Xiangtan;CN;1790492;Xiangtan
owt_3419;Kaiyun;CN;1808421;Kaiyun
owt_342;Brno;CZ;3078610;Brno
owt_3420;Xidu;CN;1789593;Xidu
owt_3421;Qiyang;CN;1797417;Wuxi
owt_3422;Yongzhou;CN;1786217;Yongzhou
owt_3423;Baiyashi;CN;1817247;Baiyashi
owt_3425;Xing'an;CN;1789066;Xing’an
owt_3426;Gantang;CN;9995995;Gantang
owt_3427;Guilin;CN;1809498;Guilin
owt_3428;Zhifang;CN;1784543;Zhifang
owt_3429;Yongfu;CN;9942446;Yongfu
owt_343;Krakow;PL;3094802;Kraków
owt_3430;Linzhou;CN;1803300;Liuzhou
owt_3431;Laibin;CN;1804609;Laibin
owt_3433;Nanning;CN;1799869;Nanning
owt_3435;Lingcheng;CN;1803550;Lingcheng
owt_3437;Dayingzi;CN;1556546;Dayingzi
owt_3438;Dingcheng;CN;1812818;Dingcheng
owt_3439;Chuzhou;CN;1814757;Chuzhou
owt_344;Linz;AT;2772400;Linz
owt_3440;Zhujiang;CN;6957996;Zhujiang
owt_3441;Nanjing;CN;1799962;Nanjing
owt_3442;Hefei;CN;1808722;Hefei
owt_3443;Shucheng;CN;1794545;Shucheng Chengguanzhen
owt_3444;T'ung-ch'eng;CN;1792702;Tongcheng
owt_3445;Meicheng;CN;1800882;Meicheng
owt_3446;Taihu;CN;1793665;Jinxi
owt_3447;Susong;CN;1793761;Fuyu
owt_3448;Huangmei;CN;1807339;Huangmei
owt_3449;Jiujiang;CN;1805179;Jiujiang
owt_345;Lorch;AT;2772262;Lorch
owt_3450;Puting;CN;1798443;Puting
owt_3451;Tujiabu;CN;1792403;Tubu
owt_3452;Nanchang;CN;1800163;Nanchang
owt_3453;Jianguang;CN;1806248;Jianguang
owt_3454;Zhangshu;CN;1785083;Zhangshu
owt_3455;Jinchuan;CN;1805735;Jinchuan
owt_3456;Baqiu;CN;1816872;Baqiu
owt_3457;Wenfeng;CN;1791520;Wenfeng
owt_3458;Ji'an;CN;1806445;Ji’an
owt_3459;Chengjiang;CN;9615879;Chengjiang
owt_346;Melk;AT;2771682;Melk
owt_3460;Furong;CN;1810936;Furong
owt_3462;Nankang;CN;1797107;Rongjiang
owt_3464;Taiping;CN;1917314;Taiping
owt_3465;Shaoguan;CN;1795874;Shaoguan
owt_3466;Yingde;CN;1786634;Yingcheng
owt_3468;Huadu;CN;1788876;Xinhua
owt_3469;Sanshui;CN;1789273;Sanshui
owt_3470;Zhaoqing;CN;1784853;Zhaoqing
owt_3471;Gaoyou;CN;1810309;Gaoyou
owt_3472;Zhenjiang;CN;1784642;Zhenjiang
owt_3473;Jurong;CN;1804909;Jurong
owt_3474;Danyang;CN;1813802;Danyang
owt_3475;Changzhou;CN;1815456;Changzhou
owt_3478;Jiaxing;CN;1805953;Jiaxing
owt_3479;Tongxiang;CN;1790942;Tongxiang
owt_3480;Chongfu;CN;7734727;Chongfu’an
owt_3481;Fuyang;CN;1810846;Fuyang
owt_3482;Tonglu;CN;1792617;Tonglu
owt_3484;Lanxi;CN;1804442;Lanxi
owt_3485;Longyou;CN;1802261;Longzhou
owt_3486;Quzhou;CN;1797264;Quzhou
owt_3487;Tianma;CN;1792929;Tianma
owt_3488;Yu-shan;CN;1816352;Bingxi
owt_3489;Xuri;CN;8536581;Xuri
owt_3490;Chongcheng;CN;1814930;Chongcheng
owt_3492;Jian'ou;CN;1806167;Jian’ou
owt_3493;Nanping;CN;1799846;Nanping
owt_3498;Taoyang;CN;1793112;Taoyang
owt_3499;Gongchang;CN;1802304;Gongchang
owt_35;Brindisi;IT;3181528;Brindisi
owt_3500;Minxian;CN;1800453;Chengjiao Chengguanzhen
owt_3501;Wudu;CN;1791294;Wudu
owt_3504;Guankou;CN;6961111;Guankou
owt_3506;Fengyi;CN;1811182;Fengyi
owt_3507;Zhenjiangguan;CN;1784641;Zhenjiangguan
owt_3508;Jin'an;CN;1805754;Jin’an
owt_351;Olomouc;CZ;3069011;Olomouc
owt_3510;Jiaochang;CN;1806099;Diexi
owt_3511;Shuijingbao;CN;1794474;Shuijing
owt_3512;Long'an;CN;1802707;Long’an
owt_3513;Nanba;CN;1800188;Nanba
owt_3515;Nanchong;CN;1800146;Nanchong
owt_3516;Nonghui;CN;1799194;Guang’an
owt_3517;Zhuyang;CN;1783786;Zhuyang
owt_3519;Yunyang;CN;1785656;Yunyang
owt_352;Passau;DE;2855328;Passau
owt_3520;Yong'an;CN;1786395;Yong’an
owt_3521;Wuxia;CN;1790920;Wuxia
owt_3522;Xinling;CN;1788745;Xinling
owt_3523;Guizhou;CN;1809446;Guizhou
owt_3524;Xiaoxita;CN;1789918;Xiaoxita
owt_3527;Chonglong;CN;1814919;Chonglong
owt_3528;Neijiang;CN;1799491;Neijiang
owt_3529;Jin'e;CN;1805709;Jin’e
owt_353;Praha;CZ;3067696;Prague
owt_3531;Xuyong;CN;1787828;Xuyong
owt_3532;Bijie;CN;1816373;Bijie
owt_3533;Changyuan;CN;1815477;Changyuan
owt_3534;Chongqing;CN;1814906;Chongqing
owt_3535;Xiaomian;CN;1790059;Xiaomian
owt_3536;Beibei;CN;1816790;Beibei
owt_3538;Loushanguan;CN;1792516;Loushanguan
owt_3539;Zunyi;CN;1783621;Zunyi
owt_354;Tulln;AT;2763266;Tulln
owt_3540;Dafang;CN;1814445;Dafang
owt_3541;Qianxi;CN;1798230;Qianxi
owt_3542;Weicheng;CN;1791695;Weicheng
owt_3543;Hezhang;CN;1808195;Hezhang
owt_3544;Weining;CN;1816028;Weining
owt_3545;Shanmuqing;CN;9076371;Shanmuqing
owt_3546;Rongcheng;CN;1797119;Rongcheng
owt_3547;Yanfang;CN;1787698;Yanfang
owt_3548;Zhongshu;CN;1784310;Zhongshu
owt_3549;Weimo;CN;1908238;Weimo
owt_3550;Lin'an;CN;1806146;Lin’an
owt_3554;Xinjie;CN;1788790;Xinjie
owt_3556;Shahukou;CN;2035054;Shahukoucun
owt_3557;Gongyi;CN;1789897;Zijinglu
owt_3559;Suixian;CN;1793887;Sui Xian Chengguanzhen
owt_356;Breclav;CZ;3078773;Břeclav
owt_3560;Shangqiu;CN;1783934;Shangqiu
owt_3561;Yongcheng;CN;1786373;Yongcheng
owt_3562;Zhongxiang;CN;1786546;Zhongxiang
owt_3563;Anlu;CN;1818016;Anlu
owt_3564;Huangzhou;CN;1807112;Huangzhou
owt_3565;Qingquan;CN;1797793;Qingquan
owt_3566;Caohe;CN;1816026;Caohe
owt_3567;Liling;CN;1803616;Xishan
owt_3568;Yichun;CN;1786746;Yichun
owt_3569;Chaohu;CN;1815427;Chaohu
owt_357;Raffelstetten;AT;2768089;Raffelstetten
owt_3579;Dangtu;CN;1813851;Gushu
owt_358;Riga;LV;456172;Riga
owt_3581;Lishui;CN;1803245;Lishui
owt_3582;Wuyun;CN;1790856;Wuyun
owt_3583;Guli;CN;1809412;Guli
owt_3585;Yijiang;CN;1786707;Yijiang
owt_3587;Chepan;CN;1815047;Chepan
owt_3588;Jianchang;CN;1806439;Jianchang
owt_3589;Shaowu;CN;1795857;Shaowu
owt_359;Wislica;PL;755593;Wiślica
owt_3590;Shuangxi;CN;1794571;Shuangxi
owt_3591;Guyong;CN;1809153;Guyong
owt_3592;Xuefeng;CN;1788016;Xuefeng
owt_3593;Longjin;CN;1802571;Longjin
owt_3594;Tingzhou;CN;1792725;Tingzhou
owt_3595;Shanghang;CN;1796228;Linjiang
owt_3596;Fujing;CN;1907542;Fujing
owt_3597;Putian;CN;1798449;Putian
owt_3598;Tong'an;CN;1813459;Datong
owt_3599;Zhangzhou;CN;1785018;Zhangzhou
owt_36;Broach;IN;1276100;Bharūch
owt_3600;Nanzhao;CN;1799566;Nanzhao
owt_3601;Chaozhou;CN;1815395;Chaozhou
owt_3603;Pingshan;CN;1798713;Pingshan
owt_3604;Huizhou;CN;1806776;Huizhou
owt_3605;Laolong;CN;1804359;Laolong
owt_3606;Yuancheng;CN;1786112;Heyuan
owt_3607;Huacheng;CN;1807738;Huacheng
owt_3608;Dund-Us;MN;1516048;Khovd
owt_3609;Dalandzadgad;MN;2032007;Dalandzadgad
owt_3610;Chengde;CN;2038087;Chengde
owt_3612;Jilin;CN;2036502;Jilin
owt_3613;Qiqihar;CN;2035265;Qiqihar
owt_3614;Dalai;CN;2037930;Dalai
owt_3615;Chongyang;CN;1814880;Chongyang
owt_3616;Linqiong;CN;1803365;Linqiong
owt_3617;Sanlicheng;CN;1796700;Sanlicheng
owt_3619;Huayuan;CN;7653064;Yejia Huayuan
owt_362;Ostabat-Asme;FR;2989104;Ostabat-Asme
owt_3620;Xiaogan;CN;1790254;Xiaogan
owt_3621;Xingou;CN;1788954;Xingou
owt_3622;Zhangxia;CN;1785048;Zhangxia
owt_3623;Wande;CN;1792180;Wande
owt_3624;Tai'an;CN;1793724;Tai’an
owt_3625;Laiwu;CN;1804591;Laiwu
owt_3626;Xintai;CN;1788618;Xintai
owt_3627;Mengyin;CN;1800675;Mengyin
owt_3628;Shuanghou;CN;1794692;Shuanghou
owt_3629;Linyi;CN;1803318;Linyi
owt_363;Puente la Reina;ES;3112732;Puente la Reina
owt_3630;Tancheng;CN;1793475;Tancheng
owt_3632;Songling;CN;1898494;Songling
owt_3634;Anqing;CN;1817993;Anqing
owt_3635;Hulan;CN;2036671;Hulan
owt_3636;Heihe;CN;2036973;Heihe
owt_3637;Tongjiang;CN;2034407;Tongjiang
owt_3638;Zaindainxoi;CN;1279531;Zaindainxoi
owt_3639;Dartang;CN;1281405;Dartang
owt_3640;Gyamotang;CN;1281127;Gyamotang
owt_3641;Toba;CN;1279876;Toba
owt_3642;Tianquan;CN;1792905;Chengxiang
owt_3643;Meishan;CN;1800818;Meishan
owt_3644;Yingxiu;CN;1786554;Yingxiu
owt_3645;Wolongguan;CN;1791373;Wolongguan
owt_3646;Dengsheng;CN;1812996;Dengsheng
owt_3647;Dawe;CN;1813370;Dawei
owt_3648;Meixing;CN;1800792;Meixing
owt_3649;Zhanggu;CN;1785258;Zhanggu
owt_3650;Ni-hsi;CN;1280436;Nixi
owt_3651;Rubu;CN;1797078;Rubu
owt_3654;Yunhe;CN;1785719;Yunhe
owt_3655;Dengchuan;CN;1813018;Dengchuan
owt_3656;Xiaguan;CN;1790736;Xiaguan
owt_3657;Yunxian;CN;1785662;Aihua
owt_3658;Lincang;CN;1803590;Lincang
owt_3659;Douge;CN;1812021;Douge
owt_366;Santo Domingo de la Calzada;ES;3109535;Santo Domingo de la Calzada
owt_3660;Weiyuan;CN;1791579;Weiyuan
owt_3661;Simao;CN;1794209;Simao
owt_3662;Yunjinghong;CN;1785710;Jinghong
owt_3663;Shangjie;CN;1796195;Shangjie
owt_3665;Gongguoqiao;CN;1281169;Gongguoqiao
owt_3666;Baoshan;CN;1281673;Baoshan
owt_3668;Tengchong;CN;1279891;Tengyue
owt_3669;Yading;CN;10211775;Yading
owt_367;Villafranca del Bierzo;ES;3105603;Villafranca del Bierzo
owt_3670;Xiangshan;CN;1790518;Menghai
owt_3671;Daluo;CN;1813982;Daluo
owt_3673;Menglang;CN;1280574;Menglang
owt_3674;Jiulian;CN;1805164;Lianzhu
owt_3675;Yuxi;CN;1784185;Yuxi
owt_3676;Mengyang;CN;1800679;Mengyang
owt_3677;Kengtung;MM;1319365;Kengtung
owt_3678;Lai Chau;VN;8456741;Lai Châu
owt_3679;Nawng-awn;MM;1305375;Nawng-awn
owt_368;Sanguesa;ES;3110589;Sangüesa
owt_3681;Banjia;CN;1281677;Banjia
owt_3682;Wan Long;MM;1288322;Wān Long
owt_3683;Menglun;CN;1800710;Menglun
owt_3684;Mengxing;CN;1800683;Mengxing
owt_3685;Mengla;CN;1800716;Mengla
owt_3686;Muang Namo;LA;1655166;Muang Namo
owt_3687;Viangchan;LA;1651944;Vientiane
owt_3688;Chiang Mai;TH;1153671;Chiang Mai
owt_3689;Karayulgun;CN;1529396;Karayulgun
owt_369;San Sebastian;ES;3110044;Donostia / San Sebastián
owt_3690;Jiangjunmiao;CN;1529428;Jiangjunmiao
owt_3691;Burenhayrhan;MN;1516173;Bürenhayrhan
owt_3692;Togrog;MN;1515186;Tögrög
owt_3693;Huangheyan;CN;1281008;Huangheyan
owt_3694;Zhongning;CN;1784344;Ning’an
owt_3695;Pingluo;CN;1798744;Pingluo Chengguanzhen
owt_3696;Xamba;CN;2034062;Xamba
owt_3697;Wuyuan;CN;2034071;Wuyuan
owt_3698;Yuhe;CN;1785851;Yuhe
owt_37;Cadiz;ES;2520600;Cadiz
owt_370;San Juan de Ortega;ES;3110525;San Juan de Ortega
owt_3700;Zhangjiapan;CN;1785185;Zhangjiapan
owt_3701;Shenmu;CN;1795617;Shenmu
owt_3702;Fugu;CN;1811039;Fugu
owt_3703;Dongguan;CN;1812537;Dongguan
owt_3704;Sancha;CN;1796975;Sancha
owt_3705;Shenchi;CN;1795701;Longquan
owt_3706;Xicheng;CN;2033881;Xicheng
owt_3707;Dingbian;CN;1812823;Dingbian
owt_3708;Huai'ancheng;CN;2036771;Huai’ancheng
owt_3709;Toubaihu;CN;2034390;Toubaihu
owt_371;Sahagun;ES;3111131;Sahagún
owt_3710;Xiaguoyuan;CN;2055556;Xiaguoyuan
owt_3713;Dongzhashui;CN;1911291;Dongzhashui
owt_3716;Tolbo;MN;1515180;Tolbo
owt_3717;Olgiy;MN;1515436;Ölgii
owt_3718;Tsagaannuur;MN;1515136;Tsagaannuur
owt_3719;Bayanhushuu;MN;1516288;Bayanhoshuu
owt_372;Ponferrada;ES;3113236;Ponferrada
owt_3720;Har-Us;MN;1515806;Har-Us
owt_3721;Ulaangom;MN;1515029;Ulaangom
owt_3722;Chandmani;MN;1516135;Chandmanĭ
owt_3723;Oygon;MN;1515402;Oygon
owt_3724;Altanbulag;MN;1516399;Altanbulag
owt_3725;Dzur;MN;1515996;Dzür
owt_3726;Baytsaiin Huryee;MN;1516255;Baytsaiin Hüryee
owt_3727;Horgo;MN;1538308;Horgo
owt_3728;Tsetserleg;MN;2028606;Tsetserleg
owt_3729;Dzegstey;MN;2031615;Dzegstey
owt_373;Oviedo;ES;3114711;Oviedo
owt_3730;Suuj;MN;2029117;Dashinchilling
owt_3731;Lun;MN;2030085;Sujji
owt_3732;Ihsuuj;MN;2030218;Ihsüüj
owt_3733;Bayangol;MN;2032925;Ara Bayan Gol
owt_3734;Darhan;MN;2031964;Darhan
owt_3735;Suhbaatar;MN;2029156;Sühbaatar
owt_3736;Khandagayty;RU;1503796;Khandagayty
owt_3737;Chadan;RU;1508501;Chadan
owt_3738;Erzin;RU;1506938;Erzin
owt_3739;Balgazyn;RU;1510960;Balgazyn
owt_374;Najera;ES;3115780;Nájera
owt_3740;Kyzyl;RU;1500973;Kyzyl
owt_3741;Turan;RU;1488950;Turan
owt_3743;Choybalsan;MN;2030392;Hulstay
owt_3745;Manzhouli;CN;2035836;Manzhouli
owt_3746;Hailar;CN;2037078;Hailar
owt_3747;Yakeshi;CN;2033536;Yakeshi
owt_3748;Borzya;RU;2026126;Borzya
owt_3749;Baruun-Urt;MN;2032614;Baruun-Urt
owt_375;Mellid;ES;3116942;Melide
owt_3750;Xilin Hot;CN;2033824;Xilin Hot
owt_3752;Weichang;CN;2034194;Weichang
owt_3753;Uliastai;CN;2034292;Uliastai
owt_3754;Bayan Ul Hot;CN;2038372;Bayan Ul Hot
owt_3755;Sumiyn Bulag;MN;2029130;Sümiyn Bulag
owt_3756;Pingquan;CN;2035465;Pingquan
owt_3757;Lingyuan;CN;2036075;Lingyuan
owt_3758;Chaoyang;CN;2038120;Chaoyang
owt_3759;Zibo;CN;1785286;Zibo
owt_376;Logrono;ES;3118150;Logroño
owt_3762;Liangshan;CN;10159610;Liangshan
owt_3763;Xiantao;CN;1790371;Xiantao
owt_3766;Yutan;CN;1799352;Yutan
owt_3767;Liuyang;CN;1802875;Guankou
owt_3769;Shanglishi;CN;1796170;Shangli
owt_377;Leon;ES;3118532;León
owt_3770;Kangle;CN;1804826;Kangle
owt_3771;Aoyang;CN;1817881;Aoyang
owt_3772;Gao'an;CN;1785657;Junyang
owt_3775;Chuxiong;CN;1814760;Chuxiong
owt_3776;Duyun;CN;1811764;Duyun
owt_3777;Nandan;CN;1800119;Nandan Chengguanzhen
owt_3778;Licheng;CN;1803790;Licheng
owt_3779;Wuzhou;CN;1790840;Wuzhou
owt_378;Hospital de Orbigo;ES;3120621;Hospital de Órbigo
owt_3784;Gaduk;IR;133655;Gadūk
owt_379;Fromista;ES;3121995;Frómista
owt_381;Estella;ES;3122762;Estella-Lizarra
owt_382;Cebreiro;ES;3125551;Cebreiro
owt_384;Castrogeriz;ES;3125659;Castrogeriz
owt_385;Carrion de los Condes;ES;3126161;Carrión de los Condes
owt_386;Ashgabat;TM;162183;Ashgabat
owt_387;Burgos;ES;3127461;Burgos
owt_388;Bristol;GB;2654675;Bristol
owt_389;Barcelona;ES;3128760;Barcelona
owt_390;La Coruna;ES;3119841;A Coruña
owt_391;Beijing;CN;1816670;Beijing
owt_392;Jaca;ES;3120211;Jaca
owt_394;Amiens;FR;3037854;Amiens
owt_398;Antwerpen;BE;2803138;Antwerpen
owt_400;Aroue;FR;3036828;Aroue-Ithorots-Olhaïby
owt_402;Auch;FR;3036281;Auch
owt_403;Arles;FR;3036938;Arles
owt_404;Avignon;FR;3035681;Avignon
owt_405;Bach;FR;3035493;Bach
owt_406;Basel;CH;2661604;Basel
owt_407;Bayonne;FR;3034475;Bayonne
owt_408;Bordeaux;FR;3031582;Bordeaux
owt_409;Cahors;FR;3029213;Cahors
owt_410;Chartres;FR;3026467;Chartres
owt_411;Koln;DE;2886242;Köln
owt_4125;Bagamoyo;TZ;161290;Bagamoyo
owt_4126;Mamboya;TZ;154970;Mamboya
owt_4127;Mpwapwa;TZ;153094;Mpwapwa
owt_4128;Kilimatinde;TZ;157448;Kilimatinde
owt_4129;Tabora;TZ;149658;Tabora
owt_413;Bourges;FR;3031005;Bourges
owt_4130;Ujiji;TZ;149310;Ujiji
owt_414;Cajarc;FR;3029168;Cajarc
owt_415;Chalon-sur-Saone;FR;3027484;Chalon-sur-Saône
owt_417;Clermont-Ferrand;FR;3024635;Clermont-Ferrand
owt_419;Condom;FR;3023943;Condom
owt_42;Chitral;PK;1181065;Chitral
owt_421;Faycelles;FR;3018860;Faycelles
owt_422;Figeac;FR;3018506;Figeac
owt_423;Geneve;CH;2660646;Genève
owt_43;Constanta;RO;680963;Constanţa
owt_431;Lectoure;FR;3004381;Lectoure
owt_432;Liege;BE;2792413;Liège
owt_433;Limoges;FR;2998286;Limoges
owt_434;Lyon;FR;2996944;Lyon
owt_435;Metz;FR;2994160;Metz
owt_437;Moissac;FR;2993586;Moissac
owt_438;Le Mont-Saint-Michel;FR;6615358;Le Mont-Saint-Michel
owt_439;Montpellier;FR;2992166;Montpellier
owt_44;Damghan;IR;138025;Dāmghān
owt_440;Montredon;FR;2992106;Montredon
owt_441;Neuvy-Saint-Sepulchre;FR;2990482;Neuvy-Saint-Sépulchre
owt_442;Oloron-Sainte-Marie;FR;2989569;Oloron-Sainte-Marie
owt_444;Paris;FR;2988507;Paris
owt_445;Perigueux;FR;2987967;Périgueux
owt_446;Orleans;FR;2989317;Orléans
owt_447;Plymouth;GB;2640194;Plymouth
owt_448;Portsmouth;GB;2639996;Portsmouth
owt_449;Poitiers;FR;2986495;Poitiers
owt_45;Darkot;PK;1180499;Darkot
owt_454;Einsiedeln;CH;2660925;Einsiedeln
owt_458;Reims;FR;3027850;Cernay-lès-Reims
owt_459;Rocamadour;FR;2983333;Rocamadour
owt_46;Darkot;PK;1180499;Darkot
owt_460;Rouen;FR;2982652;Rouen
owt_463;Saint-Gilles;FR;2979679;Saint-Gilles
owt_464;La Souterraine;FR;2978134;Saint-Maurice-la-Souterraine
owt_470;Qumar Heyan;CN;1280201;Qumar Heyan
owt_472;Talmont;FR;2973474;Talmont-sur-Gironde
owt_474;Toulouse;FR;2972315;Toulouse
owt_475;Tours;FR;3012219;Joué-lés-Tours
owt_476;Valence;FR;2971053;Valence
owt_477;Vezelay;FR;2969478;Vézelay
owt_48;Dimashq;SY;170654;Damascus
owt_486;Suceava;RO;665850;Suceava
owt_487;Arad;RO;686254;Arad
owt_49;Dover;GB;2651048;Dover
owt_490;Sibiu;RO;667268;Sibiu
owt_492;Alba Iulia;RO;686578;Alba Iulia
owt_493;Cluj-Napoca;RO;681290;Cluj-Napoca
owt_494;Oradea;RO;671768;Oradea
owt_497;Kerch;UA;706524;Kerch
owt_50;Dunhuang;CN;1529531;Dunhuang
owt_501;Istaravshan;TJ;1220253;Istaravshan
owt_502;Siwah, Wahat;EG;347863;Siwa Oasis
owt_506;Canakkale;TR;749780;Çanakkale
owt_507;Allahabad;IN;1278994;Allahābād
owt_509;Patna;IN;1260086;Patna
owt_51;Durres;AL;3185728;Durrës
owt_514;Ghazni;AF;1141269;Ghazni
owt_515;Taras;KZ;1516905;Taraz
owt_522;Konduz;AF;1135689;Kunduz
owt_527;Hami;CN;1529484;Hami
owt_529;Shuiding;CN;1529184;Shuiding
owt_530;Bishkek;KG;1528675;Bishkek
owt_532;Termiz;UZ;1215957;Tirmiz
owt_542;Jhelum;PK;1175864;Jhelum
owt_547;Taiyuan;CN;1793511;Taiyuan
owt_548;Kaifeng;CN;1804879;Kaifeng
owt_553;Sokhumi;GE;611847;Sokhumi
owt_555;Lahore;PK;1172451;Lahore
owt_556;Agra;IN;1279259;Agra
owt_557;L'viv;UA;702550;Lviv
owt_559;Gaocheng;CN;1810604;Gaocheng
owt_56;Ghazzah;PS;281133;Gaza
owt_560;Kherson;UA;706448;Kherson
owt_562;Mainz;DE;2874225;Mainz
owt_563;Trier;DE;2821164;Trier
owt_564;Frankfurt am Main;DE;2925533;Frankfurt am Main
owt_569;Hodal;IN;1270000;Hodal
owt_57;Gilgit;PK;1178338;Gilgit
owt_572;Jaipur;IN;1269515;Jaipur
owt_576;Ahmadabad;IN;1279233;Ahmedabad
owt_578;Ahmadnagar;IN;1279228;Ahmadnagar
owt_580;Baki;AZ;587084;Baku
owt_582;Yerevan;AM;616052;Yerevan
owt_584;Charjew;TM;1219649;Türkmenabat
owt_587;Ajmer;IN;1279159;Ajmer
owt_59;Hamadan;IR;132144;Hamadān
owt_590;Vadodara;IN;1253573;Vadodara
owt_591;Beawar;IN;1276634;Beāwar
owt_592;Gogunda;IN;1271085;Gogūnda
owt_593;Pali;IN;1260716;Pāli
owt_597;Nagqu;CN;1280517;Nagqu
owt_599;Nukus;UZ;601294;Nukus
owt_60;Herat;AF;1140026;Herāt
owt_601;Garyarsa;CN;1281218;Garyarsa
owt_602;Kathmandu;NP;1283240;Kathmandu
owt_603;Stockholm;SE;2673730;Stockholm
owt_604;Chuka;CN;1281504;Chuka
owt_612;Trapani;IT;2522876;Trapani
owt_613;Qijiaojing;CN;1529264;Qijiaojing
owt_614;Galich;UA;709034;Halych
owt_615;Sary-Tash;KG;1222576;Sary-Tash
owt_616;Ambala;IN;1278860;Ambāla
owt_617;In Salah;DZ;6930641;In Salah
owt_619;Al Basrah;IQ;99532;Basrah
owt_620;Bayramaly;TM;1219762;Bayramaly
owt_624;Atyrau;KZ;610529;Atyrau
owt_630;Al Kufah;IQ;99135;Kufa
owt_631;Sangan;IR;117546;Sangān
owt_633;Taheri;IR;113596;Bandar-e Ţāherī
owt_635;Bandar Abbas;IR;141681;Bandar Abbas
owt_639;Al Mawsil;IQ;99071;Al Mawşil al Jadīdah
owt_641;Pyandzh;TJ;1221871;Dŭstí
owt_642;Shiraz;IR;115019;Shiraz
owt_643;Koneurgench;TM;601608;Köneürgench
owt_644;Esfahan;IR;418863;Isfahan
owt_646;Yining;CN;1529013;Yining
owt_647;Andijon;UZ;1514588;Andijon
owt_654;Attock Khurd;PK;1184247;Attock Khurd
owt_656;Handia;IN;1270438;Handia
owt_657;Bat'umi;GE;615532;Batumi
owt_658;Kars;TR;743952;Kars
owt_664;Bam;IR;141736;Bam
owt_665;Zahedan;IR;1159301;Zahedan
owt_666;Semnan;IR;116402;Semnān
owt_667;Qom;IR;119208;Qom
owt_668;Kashan;IR;128476;Kashan
owt_674;Jizzakh;UZ;1513886;Jizzax
owt_678;Ozgon;KG;1527513;Uzgen
owt_68;Hotan;CN;1281019;Hotan
owt_683;Eskimalatya;TR;315215;Eskimalatya
owt_684;Bilhorod-Dnistrovs'kyy;UA;712160;Bilhorod-Dnistrovs’kyy
owt_690;Ulaanbaatar;MN;2028462;Ulan Bator
owt_694;Datong;CN;2037799;Datong
owt_695;Shenyang;CN;2034937;Shenyang
owt_697;Qiemo;CN;1280249;Qiemo
owt_70;Yazd;IR;111822;Yazd
owt_700;Khalkis;GR;260133;Chalkída
owt_705;Volodymyr-Volyns'kyy;UA;689378;Volodymyr-Volyns’kyy
owt_71;Istanbul;TR;745044;İstanbul
owt_710;Novgorod;RU;519336;Velikiy Novgorod
owt_712;Pskov;RU;504341;Pskov
owt_715;Sinop;TR;739600;Sinop
owt_716;Yumurtalik;TR;296138;Yumurtalık
owt_717;Sivas;TR;300619;Sivas
owt_73;Izmir;TR;311046;İzmir
owt_737;Salimah, Wahat;SD;364021;Wāḩat Salīmah
owt_74;Izmit;TR;745028;İzmit
owt_740;Marsa Matruh;EG;352733;Mersa Matruh
owt_741;Aswan;EG;359792;Aswan
owt_742;Makkah;SA;104515;Mecca
owt_743;Jiddah;SA;105343;Jeddah
owt_748;Labdah;LY;2219905;Al Khums
owt_75;Kabul;AF;1138958;Kabul
owt_751;Al Qusayr;EG;360531;Al Quşayr
owt_752;Susah;LY;81584;Sūsah
owt_759;Zawilah;LY;2208566;Zawīlah
owt_761;Ghat;LY;2217351;Ghat
owt_762;Ghadamis;LY;2217440;Ghadāmis
owt_765;Sabratah;LY;2212771;Şabrātah
owt_767;Al Madinah al Munawwarah;SA;109223;Medina
owt_769;Ankara;TR;323786;Ankara
owt_77;Kashi;CN;1280849;Kashgar
owt_770;Konya;TR;306571;Konya
owt_772;Kayseri;TR;308464;Kayseri
owt_774;Tarabulus;LY;2210247;Tripoli
owt_775;Zaragoza;ES;3104324;Zaragoza
owt_776;Awjilah;LY;88533;Awjilah
owt_777;Ouargla;DZ;2485801;Ouargla
owt_778;Qabis;TN;2468369;Gabès
owt_779;Al Burayqah;LY;2215210;Al Burayqah
owt_780;Wuli;CN;1279786;Wuli
owt_781;Gangtok;IN;1271631;Gangtok
owt_783;Alger;DZ;2507480;Algiers
owt_784;Melilla;ES;2513947;Melilla
owt_786;Fes;MA;2548885;Fès
owt_787;Tlemcen;DZ;2475687;Tlemcen
owt_788;Marrakech;MA;2542997;Marrakesh
owt_79;Kerman;IR;128234;Kerman
owt_792;Oualata;MR;2377327;Oualâta
owt_793;Tombouctou;ML;2449067;Timbuktu
owt_794;Agadez;NE;2448085;Agadez
owt_795;Gao;ML;2457163;Gao
owt_796;Bilma;NE;2446796;Bilma
owt_799;Asyut;EG;359783;Asyūţ
owt_80;Khiva;UZ;1513604;Khiwa
owt_800;Tangier;MA;2530335;Tangier
owt_801;Tindouf;DZ;2476301;Tindouf
owt_803;Aurangabad;IN;1278149;Aurangabad
owt_805;Baleshwar;IN;1277599;Balasore
owt_806;Bayana;IN;1276652;Bayāna
owt_807;Bhimbar;PK;1182637;Bhimbar
owt_808;Bijapur;IN;1275701;Bijapur
owt_809;Varanasi;IN;1253405;Varanasi
owt_81;Kholm;AF;1136575;Khulm
owt_810;Burhanpur;IN;1275068;Burhānpur
owt_811;Khambhat;IN;1267090;Khambhāt
owt_812;Chopda;IN;1273992;Chopda
owt_813;Dhaka;BD;1185241;Dhaka
owt_814;Delhi;IN;1273294;Delhi
owt_815;Dhaulpur;IN;1272805;Dhaulpur
owt_816;Gujrat;PK;1177654;Gujrāt
owt_817;Gwalior;IN;1270583;Gwalior
owt_818;Jalalabad;AF;1139715;Jalālābād
owt_819;Jodhpur;IN;1268865;Jodhpur
owt_820;Karnal;IN;1267708;Karnāl
owt_821;Kolaras;IN;1266302;Kolāras
owt_822;Ludhiana;IN;1264728;Ludhiāna
owt_823;Mandu;IN;1263833;Māndu
owt_824;Wenquan;CN;1279798;Wenquan
owt_825;Mehsana;IN;1264389;Mahesāna
owt_826;Nandurbar;IN;1261931;Nandurbar
owt_827;Panipat;IN;1260476;Pānīpat
owt_828;Pipar;IN;1259608;Pīpār
owt_829;Rajmahal;IN;1258843;Rājmahal
owt_830;Sehore;IN;1256913;Sehore
owt_832;Fatehpur Sikri;IN;1271900;Fatehpur Sīkri
owt_833;Sirhind;IN;1256087;Sirhind
owt_834;Sironj;IN;1256064;Sironj
owt_835;Surat;IN;1255364;Sūrat
owt_836;Tatta;PK;1163582;Thatta
owt_837;Uch;PK;1163016;Uch-i-Sharif
owt_838;Udaipur;IN;1253986;Udaipur
owt_839;Narwar;IN;1261736;Narwar
owt_84;Korinthos;GR;264638;Arkhaía Kórinthos
owt_840;Rohtas;PK;1166822;Qila Rohtās
owt_841;Sonipat;IN;1255744;Sonīpat
owt_842;Asirgarh;IN;1278277;Asīrgarh
owt_843;Sirohi;IN;1256067;Sirohi
owt_848;Jaroslaw;PL;770380;Jarosław
owt_85;Lanzhou;CN;1804430;Lanzhou
owt_853;Little Aden;YE;73468;‘Adan aş Şughrá
owt_854;Shahabad;IN;1256752;Shāhābād
owt_855;Poti;GE;612366;P’ot’i
owt_856;Plzen;CZ;3068160;Pilsen
owt_857;Wernberg;DE;2810840;Wernberg-Köblitz
owt_858;Lublin;PL;765876;Lublin
owt_859;Kamyanets'-Podil's'kyy;UA;706950;Kamieniec Podolski
owt_860;Torun;PL;3083271;Toruń
owt_863;Konin;PL;3095321;Konin
owt_866;Athinai;GR;264371;Athens
owt_867;Lerida;ES;3118514;Lleida
owt_868;Tunis;TN;2464470;Tunis
owt_869;Taoudenni;ML;2450173;Taoudenni
owt_871;Al-Qahirah;EG;360630;Cairo
owt_872;Marzuq;LY;2214603;Murzuq
owt_873;Kano;NG;2335204;Kano
owt_874;Bir Gara;TD;2435175;Bir Gara
owt_875;Nouakchott;MR;2377450;Nouakchott
owt_876;Qina;EG;350550;Qinā
owt_88;Korla;CN;1529376;Korla
owt_887;Kairouan;TN;2473449;Kairouan
owt_89;Kuqa;CN;1529363;Kuqa
owt_892;Marawi;SD;370481;Merowe
owt_893;Bamako;ML;2460596;Bamako
owt_894;Agadir;MA;2561668;Agadir
owt_895;Volgograd;RU;472757;Volgograd
owt_90;Lhasa;CN;1280737;Lhasa
owt_900;Edirne;TR;747712;Edirne
owt_901;Sofia;BG;727011;Sofia
owt_902;Plovdiv;BG;728193;Plovdiv
owt_903;Beograd;RS;792680;Belgrade
owt_904;Sevastopol';UA;694423;Sevastopol
owt_908;Pons;FR;2986335;Pons
owt_909;Saintes;FR;2980340;Saintes
owt_91;Liangzhou;CN;1803936;Wuwei
owt_917;Split;HR;3190261;Split
owt_920;Dubrovnik;HR;3201047;Dubrovnik
owt_922;Skopje;MK;785842;Skopje
owt_925;Budapest;HU;3054643;Budapest
owt_927;Milano;IT;3173435;Milan
owt_928;Siracusa;IT;2523083;Siracusa
owt_929;Bursa;TR;750269;Bursa
owt_93;Luoyang;CN;1801792;Luoyang
owt_932;Aachen;DE;3247449;Aachen
owt_933;Wroclaw;PL;3081368;Wrocław
owt_939;Vitsyebsk;BY;620127;Vitebsk
owt_940;Budongquan;CN;1281603;Budongquan
owt_941;Nis;RS;787657;Niš
owt_942;Gelibolu;TR;746983;Gelibolu
owt_943;Elbasan;AL;783263;Elbasan
owt_944;Ohrid;MK;787487;Ohrid
owt_945;Bitola;MK;792578;Bitola
owt_951;Kerkira;GR;2463679;Corfu
owt_968;Silistra;BG;727221;Silistra
owt_97;Marseille;FR;2995469;Marseille
owt_971;Sarajevo;BA;3191281;Sarajevo
owt_974;Chuankou;CN;1814842;Shangchuankou
owt_976;Almaty;KZ;1526384;Almaty
owt_977;Baoji;CN;10942359;Baoji
owt_978;Dingxi;CN;1812749;Dingxi
owt_979;Jiayuguan;CN;1280957;Jiayuguan
owt_98;Mashhad;IR;124665;Mashhad
owt_980;Pingliang;CN;1798760;Pingliang
owt_983;Yecheng;CN;1279602;Kargilik
owt_985;Pishan;CN;9024450;Pishan Nongchang
owt_988;Meshkhed;TM;161642;Meshkhed
60001;Abydos;TR;11395741;Abydos
60002;Acre;IL;295721;‘Akko
60003;Agde;FR;3038638;Agde
60004;Aigues-Mortes;FR;3038493;Aigues-Mortes
60005;Alexandria;EG;361058;Alexandria
60006;Alger;DZ;2507480;Algiers
60013;Annaba;DZ;2506999;Annaba
60007;Antwerp;BE;2803138;Antwerpen
60110;Barcelona;ES;3128760;Barcelona
60010;Bayonne;FR;3034475;Bayonne
60011;Beirut;LB;276781;Beirut
60015;Brabant;NL;2752783;Klein-Brabant
60016;Brugge;BE;2800931;Brugge
60014;Béjaïa;DZ;2505329;Bejaïa
60019;Cadix;ES;2520600;Cadiz
60020;Caffa;UA;709161;Feodosiya
60025;Chios;GR;259973;Chios
60028;Collioure;FR;3024314;Collioure
60029;Constantinople;TR;745044;İstanbul
60030;Corfu;GR;2463679;Corfu
60032;Crotone;IT;2524881;Crotone
60035;Damas;SY;170654;Damascus
60036;Djerba;TN;2470384;Houmt Souk
60037;Dune;FR;3020686;Dunkerque
60038;Durazzo;AL;3185728;Durrës
60039;England;GB;2656333;Barking
60040;Episkopi;CY;146633;Episkopí
60041;Famagosta;CY;146617;Famagusta
60043;Gaete;IT;3176438;Gaeta
60044;Gallipoli;TR;746983;Gelibolu
60045;Genoa;IT;3176219;Genoa
60046;Granada;ES;2517117;Granada
60066;Honaine;DZ;2493812;Honaïne tadjeras
60047;Jaffa;IL;293253;Yafo
60048;Jerusalem;IL;7498240;West Jerusalem
60049;Laodicée;SY;173576;Latakia
60050;Lemesos;CY;146384;Limassol
60051;Lisbon;PT;2267057;Lisbon
60053;London;GB;2643743;London
60055;Malaga;ES;2514256;Málaga
60054;Mallorca;ES;2512989;Palma
60056;Marseille;FR;2995469;Marseille
60058;Messina;IT;2524170;Messina
60061;Monemvasia;GR;256795;Monemvasía
60062;Montpellier;FR;2992166;Montpellier
60063;Napoli;IT;3172394;Naples
60065;Nicosie;CY;146268;Nicosia
60067;Oran;DZ;2485926;Oran
60068;Palermo;IT;2523920;Palermo
60069;Paphos;CY;146214;Paphos
60070;Patras;GR;255683;Pátra
60071;Piombino;IT;3170674;Piombino
60072;Pisa;IT;3170647;Pisa
60075;Pula;HR;3192224;Pula
60076;Ragusa;HR;3201047;Dubrovnik
60077;Rama;PS;284889;Ar Rāmah
60078;Reggio Calabre;IT;2523630;Reggio Calabria
60079;Rhodes;GR;400666;Ródos
60114;Rovigno;HR;3191518;Rovinj
60081;Salines;CY;146400;Larnaca
60083;Sandwich;GB;2638542;Sandwich
60082;Sanlucar de Barrameda;ES;2511306;Sanlúcar de Barrameda
60084;Savona;IT;3167022;Savona
60085;Sevilla;ES;2510911;Sevilla
60086;Sfax;TN;2467454;Sfax
60089;Sinop;TR;739600;Sinop
60092;Siracusa;IT;2523083;Siracusa
60090;Sluis;NL;2747117;Sluis
60091;Southampton;GB;2637487;Southampton
60096;Tenedos;TR;320700;Bozcaada
60097;Thessaloniki;GR;734077;Thessaloníki
60098;Tortosa;ES;3107677;Tortosa
60099;Trabzon;TR;738648;Trabzon
60102;Tunis;TN;2464470;Tunis
60103;Valentia;ES;2509954;Valencia
60104;Venice;IT;3164603;Venice
60106;Zara;HR;3186952;Zadar
348070;Aksu;CN;1529660;Aksu
367091;Anḏaṟāb;AF;1148671;Andarāb
367081;Yuanquan;CN;1529004;Yuanquan
367108;;IN;1254710;Tezpur
360498;Attock City;PK;1184249;Attock City
355631;Ayodhya;IN;1278094;Ajodhya
367102;;IN;1278946;Alwar
345485;;AF;1133616;Mazār-e Sharīf
367085;Bāmīān;AF;1147242;Bāmyān
355463;Bharūch;IN;1276100;Bharūch
355388;Bodh Gaya;IN;1275389;Buddh Gaya
348203;Xi'an;CN;1790630;Xi’an
367090;Ruoqiang;CN;1280122;Ruoqiang
360476;Chārsadda;PK;1181439;Chārsadda
367089;Qiemo;CN;1280249;Qiemo
355104;Fīrozpur;IN;1271883;Ferozepore
367113;Amarāvati;IN;1278917;Amaravati
345479;Faizabad;AF;1142170;Fayzabad
348065;Hami;CN;1529484;Hami
367109;;IN;1276609;Begusarai
354824;Jalandhar;IN;1268782;Jalandhar
354770;Kānchipuram;IN;1268159;Kānchipuram
354759;Kannauj;IN;1268011;Kannauj
367103;;NP;1283562;Butwāl
367083;Bagrām;AF;1147513;Bagrām
367087;Yanqi;CN;1529031;Yanqi
348056;Kashi;CN;1280849;Kashgar
348058;Hotan;CN;1281019;Hotan
348063;Kuqa;CN;1529363;Kuqa
345465;Kondūz;AF;1135689;Kunduz
367104;;IN;1273193;Deoria
367082;Wuwei;CN;1803936;Wuwei
367095;Rummin-dei;NP;1282839;Rummin-dei
354407;Mathura;IN;1263364;Mathura
354448;Mandāwar;IN;1263879;Mandāwar
360317;Multān;PK;1169825;Multān
354254;Nāsik;IN;1261731;Nashik
367098;Minfeng;CN;1280555;Niya
367110;;PK;1164909;Sialkot
354119;Patna;IN;1260086;Patna
360292;Peshāwar;PK;1168197;Peshawar
355730;Allahābād;IN;1278994;Allahābād
360248;Siālkot;PK;1164909;Sialkot
366553;Samarqand;UZ;1216265;Samarqand
367111;;BD;1205733;Chittagong
367093;Sankāsya;IN;1257373;Sankāsya
367092;Garhi Shāhbāz;PK;7074006;Garhi Shāhbāz
353703;Srīnagar;IN;1255634;Srinagar
367105;;IN;1270996;Gondā City
367106;;IN;1257806;Sahāranpur
353661;Tamlūk;IN;1255046;Tamlūk
366587;Tashkent;UZ;1512569;Tashkent
367099;Taxkorgan;CN;1279901;Taxkorgan
367112;;CN;1280016;Shazaoyuan
357565;Tokmok;KG;1527199;Tokmok
367100;Dunhuang;CN;1529531;Dunhuang
348060;Turpan;CN;1529114;Turpan
367107;;IN;1260086;Patna
348053;Shache;CN;1280037;Shache
ra0001;Palo Alto;US;5380748;Palo Alto
ra0002;Fernley;US;5504003;Fernley
ra0003;Delta;US;5538080;Delta
ra0004;Craig;US;5576064;Craig
ra0005;Fort Collins;US;5577147;Fort Collins
ra0006;Denver;US;5419384;Denver
ra0007;Cambridge;US;4931972;Cambridge
ra0008;Paris;FR;2988507;Paris
ra0009;Bourg-en-Bresse;FR;3031009;Bourg-en-Bresse
ra0010;Milan;IT;3173435;Milan
ra0011;Rijeka;HR;3191648;Rijeka
ra0012;Zagreb;HR;3186886;Zagreb
ra0013;Sarajevo;BA;3191281;Sarajevo
ra0014;Mostar;BA;3194828;Mostar
ra0015;Dubrovnik;HR;3201047;Dubrovnik
ra0016;Kotor;ME;3197538;Kotor
ra0017;Split;HR;3190261;Split
ra0018;Trogir;HR;3188763;Trogir
ra0019;Solin;HR;3190359;Solin
ra0020;Ancona;IT;3183089;Ancona
ra0021;Ascoli Piceno;IT;3182749;Ascoli Piceno
ra0022;Madrid;ES;3117735;Madrid
ra0023;Edinburgh;GB;2650225;Edinburgh
ra0024;Bangkok;TH;1609350;Bangkok
ra0025;Korenica;HR;3189076;Korenica
ra0026;Sarnano;IT;3167119;Sarnano
ra0027;Grottammare;IT;3175771;Grottammare
ra0028;Offida;IT;3172104;Offida
ra0029;Rome;IT;3169070;Rome
ra0030;Urbino;IT;3165035;Urbino
ra0031;San Marino;SM;3168070;San Marino
ra0032;Rieti;IT;3169412;Rieti
ra0033;Boston;US;4930956;Boston
ra0034;Reykjavik;IS;3413829;Reykjavík
ra0036;Civitanova Marche;IT;3170102;Civitanova Marche
ra0037;Assisi;IT;3182722;Assisi
ra0038;Figueres;ES;3122453;Figueres
ra0039;Mérida;ES;2513917;Mérida
ra0040;Sevilla;ES;2510911;Sevilla
ra0041;Cordoba;ES;2519240;Córdoba
ra0042;Granada;ES;2517117;Granada
ra0043;Consuegra;ES;2519277;Consuegra
ra0044;Toledo;ES;2510409;Toledo
ra0045;San Sebastian;ES;3110044;Donostia / San Sebastián
ra0046;Orléans;FR;2989317;Orléans
ra0048;Glasgow;GB;2648579;Glasgow
ra0049;Fort William;GB;2649169;Fort William
ra0050;Inverness;GB;2646088;Inverness
ra0051;Stanley;GB;2637071;Stanley
ra0052;Vienna;AT;2761369;Vienna
ra0053;Chiang Mai;TH;1153671;Chiang Mai
ra0054;Nong Khai;TH;1608232;Nong Khai
ra0055;Frankfurt am Main;DE;2925533;Frankfurt am Main
ra0056;Doha;QA;290030;Doha
