uri	title	names
http://pleiades.stoa.org/places/138248	Burdigala	['Burdigala', 'Burdigalenses', 'Bordeaux']
http://pleiades.stoa.org/places/138599	Stomatas	['Stomatas']
http://pleiades.stoa.org/places/138593	Sirio	['Sirio']
http://pleiades.stoa.org/places/138313	Cossium	['Cossium', 'Civitas Vasatica', 'Vasates']
http://pleiades.stoa.org/places/138626	Tres Arbores	['Tres Arbores']
http://pleiades.stoa.org/places/138504	*Oscincium	['Oscincium']
http://pleiades.stoa.org/places/246662	Sotium/Scittio	['Sotium', 'Scittio']
http://pleiades.stoa.org/places/246380	Elusa	['Elusa', 'Elusates', 'Tasta', 'Eauze']
http://pleiades.stoa.org/places/246727	Vanesia	['Vanesia']
http://pleiades.stoa.org/places/246379	Elimberrum	['Elimberrum', 'Climberrum', 'Elimberrum Ausciorum Augusta', 'Auch']
http://pleiades.stoa.org/places/206893	Ad Sextum Miliarem	['Ad Sextum Miliarem']
http://pleiades.stoa.org/places/246420	Hungunverro	['Hungunverro']
http://pleiades.stoa.org/places/246260	Bucconis	['Bucconis']
http://pleiades.stoa.org/places/246136	Ad Iovem	['Ad Iovem']
http://pleiades.stoa.org/places/246694	Tolosa	['Tolosa', 'Col. Iulia Tolosa', 'Civ. Tectosagum', 'Tolosates', 'Toulouse']
http://pleiades.stoa.org/places/246137	Ad Nonum	['Ad Nonum']
http://pleiades.stoa.org/places/246143	Ad Vicesimum	['Ad Vicesimum']
http://pleiades.stoa.org/places/246381	Elusio	['Elusio', 'Elesiodulis', "Saint-Pierre-d'Alzonne, Montferrand"]
http://pleiades.stoa.org/places/246660	Sostomagus	['Sostomagus', 'Sextomagus', 'Castelnaudary']
http://pleiades.stoa.org/places/246413	Hebromagus/Eburomagus	['Hebromagus', 'Eburomagus', 'Bram']
http://pleiades.stoa.org/places/246320	Cedros	['Cedros']
http://pleiades.stoa.org/places/246294	Carcas(s)o/Col. Iulia	['Carcasso', 'Carcaso', 'Col. Iulia', 'Carcasum Volcarum Tectosagarum', 'Carcassonne']
http://pleiades.stoa.org/places/246706	Tricensimum	['Tricensimum']
http://pleiades.stoa.org/places/246720	Usuerva	['Usuerva', 'Husuerbas', 'Usuerna']
http://pleiades.stoa.org/places/246347	Col. Narbo Martius	['Col. Narbo Martius', 'Col. Iulia Paterna Claudia', 'Narbonne']
http://pleiades.stoa.org/places/148056	Col. Baeterrae	['Col. Baeterrae', 'Col. Victrix Iulia Paterna', 'Béziers']
http://pleiades.stoa.org/places/147997	Araura/Cessero	['Araura', 'Cessero', 'Saint-Thibéry', 'Cesse Rone']
http://pleiades.stoa.org/places/148202	Sextantio	['Sextantio', 'Substantion']
http://pleiades.stoa.org/places/147990	Ambrussum	['Ambrussum', 'Pont-Ambroix (Ambrussum)']
http://pleiades.stoa.org/places/148142	Nemausus	['Nemausus', 'Nîmes', 'Nemausos']
http://pleiades.stoa.org/places/148160	Pons Aerarius	['Pons Aerarius']
http://pleiades.stoa.org/places/148217	Theline/Col. Arelate/Constantina	['Theline', 'Col. Arelate', 'Constantina', 'Col. Iulia Paterna Sextanorum Arelate', 'Arles']
http://pleiades.stoa.org/places/148074	Ernaginum	['Ernaginum']
http://pleiades.stoa.org/places/148019	Bellintum	['Bellintum']
http://pleiades.stoa.org/places/148004	Avennio	['Avennio', 'Avignon']
http://pleiades.stoa.org/places/148065	Cypresseta	['Cypresseta']
http://pleiades.stoa.org/places/148054	Col. Arausio	['Col. Arausio', 'Col. Firma Iulia Arausio Secundanorum', 'Orange']
http://pleiades.stoa.org/places/167616	Ad Letoce	['Ad Letoce']
http://pleiades.stoa.org/places/167856	Novem Craris	['Novem Craris', 'Le Logis de Berre']
http://pleiades.stoa.org/places/167627	Akousion/Acunum	['Akousion', 'Acunum']
http://pleiades.stoa.org/places/167668	Batiana	['Batiana']
http://pleiades.stoa.org/places/167947	Umbennum	['Umbennum']
http://pleiades.stoa.org/places/167718	Col. Valentia	['Col. Valentia', 'Valence']
http://pleiades.stoa.org/places/167705	Cerebelliaca	['Cerebelliaca']
http://pleiades.stoa.org/places/167658	Augusta	['Augusta']
http://pleiades.stoa.org/places/167737	Darentiaca	['Darentiaca']
http://pleiades.stoa.org/places/167716	Col. Dea Vocontiorum	['Col. Dea Vocontiorum', 'Vocontii', 'Die']
http://pleiades.stoa.org/places/167815	Lucus Augusti	['Lucus Augusti']
http://pleiades.stoa.org/places/167978	Vologatae	['Vologatae']
http://pleiades.stoa.org/places/167697	Cambonum	['Cambonum']
http://pleiades.stoa.org/places/167836	Mons Seleucus	['Mons Seleucus']
http://pleiades.stoa.org/places/167738	Davianum	['Davianum']
http://pleiades.stoa.org/places/167615	Ad Finem	['Ad Finem']
http://pleiades.stoa.org/places/167954	Vappincum	['Vappincum']
http://pleiades.stoa.org/places/167701	Caturigomagus	['Caturigomagus']
http://pleiades.stoa.org/places/167750	Eburodunum	['Eburodunum', 'Ebrudunum', 'Ebrodunum']
http://pleiades.stoa.org/places/167881	Rama	['Rama']
http://pleiades.stoa.org/places/167691	Brigantio	['Brigantio']
http://pleiades.stoa.org/places/167778	Gaesao/Tyrium	['Gaesao', 'Tyrium']
http://pleiades.stoa.org/places/167617	Ad Martis	['Ad Martis']
http://pleiades.stoa.org/places/167919	Segusio	['Segusio', 'Segusini', 'Susa']
http://pleiades.stoa.org/places/167623	Ad XII	['Ad XII']
http://pleiades.stoa.org/places/383545	Ad Fines	['Ad Fines']
http://pleiades.stoa.org/places/383557	Ad VIII	['Ad VIII']
http://pleiades.stoa.org/places/383580	Augusta Taurinorum	['Augusta Taurinorum', 'Torino']
http://pleiades.stoa.org/places/383558	Ad X	['Ad X']
http://pleiades.stoa.org/places/383753	Quadrata	['Quadrata']
http://pleiades.stoa.org/places/383616	Cest(a)e	['Cestae', 'Ceste']
http://pleiades.stoa.org/places/383759	Rigomagus	['Rigomagus']
http://pleiades.stoa.org/places/383610	Carbantia/Ad Medias	['Carbantia', 'Ad Medias']
http://pleiades.stoa.org/places/383630	Cuttiae	['Cuttiae']
http://pleiades.stoa.org/places/383690	Laumellum	['Laumellum']
http://pleiades.stoa.org/places/383637	Durriae	['Durriae']
http://pleiades.stoa.org/places/383798	Ticinum	['Ticinum', 'Pavia']
http://pleiades.stoa.org/places/383559	Ad X	['Ad X']
http://pleiades.stoa.org/places/383706	Mediolan(i)um	['Mediolanium', 'Mediolanum', 'Milan', 'Milano']
http://pleiades.stoa.org/places/383575	Argentea	['Argentea']
http://pleiades.stoa.org/places/383747	Pons Aureoli	['Pons Aureoli']
http://pleiades.stoa.org/places/383589	Bergomum	['Bergomum']
http://pleiades.stoa.org/places/383796	Tellegate	['Tellegate']
http://pleiades.stoa.org/places/383797	Tetellus	['Tetellus']
http://pleiades.stoa.org/places/383603	Brixia	['Brixia', 'Brescia']
http://pleiades.stoa.org/places/383546	Ad Flexum/Sermione Mansio	['Ad Flexum', 'Sermione Mansio']
http://pleiades.stoa.org/places/383588	Beneventum	['Beneventum']
http://pleiades.stoa.org/places/383816	Verona	['Verona']
http://pleiades.stoa.org/places/393396	Cadianum	['Cadianum']
http://pleiades.stoa.org/places/393387	Auraei	['Auraei']
http://pleiades.stoa.org/places/393513	Vicetia	['Vicetia', 'Vicenza']
http://pleiades.stoa.org/places/393361	Ad Finem	['Ad Finem']
http://pleiades.stoa.org/places/393473	Patavium	['Patavium', 'Padova']
http://pleiades.stoa.org/places/393359	Ad XII/Meduacus Maior	['Ad XII', 'Meduacus Maior']
http://pleiades.stoa.org/places/393358	Ad IX	['Ad IX']
http://pleiades.stoa.org/places/393374	Altinum	['Altinum']
http://pleiades.stoa.org/places/393369	Ad Sanos	['Ad Sanos']
http://pleiades.stoa.org/places/393441	Iulia Concordia	['Iulia Concordia']
http://pleiades.stoa.org/places/187287	‘Apicilia’	['Apicilia']
http://pleiades.stoa.org/places/187260	Ad Undecimum 1	['Ad Undecimum 1']
http://pleiades.stoa.org/places/187290	Aquileia	['Aquileia', 'Aquileia']
http://pleiades.stoa.org/places/187261	Ad Undecimum 2	['Ad Undecimum 2']
http://pleiades.stoa.org/places/197063	*Ad Fornulos	['Ad Fornulos']
http://pleiades.stoa.org/places/197276	Fluvio Frigido/Castra	['Fluvio Frigido', 'Castra']
http://pleiades.stoa.org/places/197317	In Alpe Iulia/Ad Pirum	['In Alpe Iulia', 'Ad Pirum']
http://pleiades.stoa.org/places/197357	Longaticum	['Longaticum']
http://pleiades.stoa.org/places/197076	Ad Nonum	['Ad Nonum']
http://pleiades.stoa.org/places/197258	Emona	['Emona', 'Ljubljana']
http://pleiades.stoa.org/places/197082	Ad Quartodecimum	['Ad Quartodecimum']
http://pleiades.stoa.org/places/197147	Atrans	['Atrans']
http://pleiades.stoa.org/places/197072	Ad Medias	['Ad Medias']
http://pleiades.stoa.org/places/197206	Celeia	['Celeia', 'Celje']
http://pleiades.stoa.org/places/197069	Ad Lotodos	['Ad Lotodos']
http://pleiades.stoa.org/places/197467	Ragando	['Ragando']
http://pleiades.stoa.org/places/197460	Pultovia	['Pultovia']
http://pleiades.stoa.org/places/197446	Poetovio	['Poetovio']
http://pleiades.stoa.org/places/197468	Ramista	['Ramista', 'Formin']
http://pleiades.stoa.org/places/197129	Aqua Viva	['Aqua Viva']
http://pleiades.stoa.org/places/197454	Populi	['Populi']
http://pleiades.stoa.org/places/197326	Iovia	['Iovia']
http://pleiades.stoa.org/places/197522	Sonista	['Sonista']
http://pleiades.stoa.org/places/197440	‘Piretis’	['Piretis']
http://pleiades.stoa.org/places/197348	‘Lentulis’	['Lentulis']
http://pleiades.stoa.org/places/197191	‘Cardono’/Iovia	['Cardono', 'Iovia']
http://pleiades.stoa.org/places/197215	‘Cocconis’	['Cocconis']
http://pleiades.stoa.org/places/197508	Serota	['Serota']
http://pleiades.stoa.org/places/203108	Bolentia	['Bolentia']
http://pleiades.stoa.org/places/197370	‘Marinianis’/Magniana	['Marinianis', 'Magniana']
http://pleiades.stoa.org/places/197507	Serena?	['Serena']
http://pleiades.stoa.org/places/197576	‘Vereis’	['Vereis']
http://pleiades.stoa.org/places/197325	Iovalia	['Iovalia']
http://pleiades.stoa.org/places/197391	Mursella	['Mursella', 'Mursa Minor', 'Mersella']
http://pleiades.stoa.org/places/197389	Mursa	['Mursa', 'Osijek']
http://pleiades.stoa.org/places/197065	Ad Labores Pontis Ulcae/‘Leutuoano’	['Ad Labores Pontis Ulcae', 'Leutuoano']
http://pleiades.stoa.org/places/197207	Cibalae	['Cibalae']
http://pleiades.stoa.org/places/197204	Causilena	['Causilena']
http://pleiades.stoa.org/places/207525	‘Ulmo’	['Ulmo']
http://pleiades.stoa.org/places/207460	Spaneta	['Spaneta']
http://pleiades.stoa.org/places/206995	Budalia	['Budalia']
http://pleiades.stoa.org/places/207447	Sirmium	['Sirmium', 'Sremska Mitrovica']
http://pleiades.stoa.org/places/207120	Fossae	['Fossae']
http://pleiades.stoa.org/places/206960	Bassiana	['Bassiana']
http://pleiades.stoa.org/places/207313	‘Noviciani’	['Noviciani']
http://pleiades.stoa.org/places/206913	Altina	['Altina']
http://pleiades.stoa.org/places/207443	Singidunum	['Singidunum', 'Beograd']
http://pleiades.stoa.org/places/207515	Tricornium	['Tricornium']
http://pleiades.stoa.org/places/206938	*Aureus Mons	['Aureus Mons']
http://pleiades.stoa.org/places/207550	Vinceia	['Vinceia']
http://pleiades.stoa.org/places/207267	Margum	['Margum']
http://pleiades.stoa.org/places/207549	Viminacium	['Viminacium', 'Stari Kostolac']
http://pleiades.stoa.org/places/206887	Ad Nonum	['Ad Nonum']
http://pleiades.stoa.org/places/207296	Municipium	['Municipium']
http://pleiades.stoa.org/places/207189	Iovis Pagus	['Iovis Pagus']
http://pleiades.stoa.org/places/206958	‘Bao’	['Bao']
http://pleiades.stoa.org/places/207183	Idimum	['Idimum']
http://pleiades.stoa.org/places/206889	Ad Octavum	['Ad Octavum']
http://pleiades.stoa.org/places/207173	Horreum Margi	['Horreum Margi']
http://pleiades.stoa.org/places/207424	Sarmates	['Sarmates']
http://pleiades.stoa.org/places/207006	‘Cametas’	['Cametas']
http://pleiades.stoa.org/places/207363	Praesidium Pompei	['Praesidium Pompei']
http://pleiades.stoa.org/places/207156	Gramrianae	['Gramrianae', 'Rampiana']
http://pleiades.stoa.org/places/207303	Naissus	['Naissus', 'Niš']
http://pleiades.stoa.org/places/207373	*Radices	['Radices']
http://pleiades.stoa.org/places/207526	‘Ulmo’	['Ulmo']
http://pleiades.stoa.org/places/207382	Remesiana	['Remesiana']
http://pleiades.stoa.org/places/207235	Latina	['Latina']
http://pleiades.stoa.org/places/207521	Turres	['Turres']
http://pleiades.stoa.org/places/207509	‘Translitis’	['Translitis']
http://pleiades.stoa.org/places/206955	Ballanstra	['Ballanstra']
http://pleiades.stoa.org/places/207275	Meldia	['Meldia']
http://pleiades.stoa.org/places/207435	Scretisca	['Scretisca']
http://pleiades.stoa.org/places/207439	Serdica	['Serdica', 'Sofia']
http://pleiades.stoa.org/places/481835	‘Extuomne’	['Extuomne']
http://pleiades.stoa.org/places/481775	Burgaraca	['Burgaraca']
http://pleiades.stoa.org/places/481998	Sparata	['Sparata']
http://pleiades.stoa.org/places/481860	Helice	['Helice']
http://pleiades.stoa.org/places/481996	Soneio	['Soneio']
http://pleiades.stoa.org/places/222149	Pons Ucasi	['Pons Ucasi']
http://pleiades.stoa.org/places/216732	Bessapara	['Bessapara']
http://pleiades.stoa.org/places/216927	Philippopolis/Trimontium	['Philippopolis', 'Trimontium']
http://pleiades.stoa.org/places/216980	Sernota	['Sernota']
http://pleiades.stoa.org/places/216920	Parambole	['Parambole']
http://pleiades.stoa.org/places/216767	Cillis?	['Cillis']
http://pleiades.stoa.org/places/216750	Carassura	['Carassura']
http://pleiades.stoa.org/places/216714	Arzus	['Arzus']
http://pleiades.stoa.org/places/501384	Castra Iarba	['Castra Iarba']
http://pleiades.stoa.org/places/222167	Rhamis	['Rhamis']
http://pleiades.stoa.org/places/501381	Bourdepa	['Bourdepa']
http://pleiades.stoa.org/places/501526	Nike	['Nike']
http://pleiades.stoa.org/places/511428	‘Tarpodizo’	['Tarpodizo']
http://pleiades.stoa.org/places/511458	‘Urisio’	['Urisio']
http://pleiades.stoa.org/places/511185	Berg(o)ule/Arkadioupolis	[' Bergoule', ' Bergule', 'Arkadioupolis']
http://pleiades.stoa.org/places/511331	‘Narco’	['Narco']
http://pleiades.stoa.org/places/511241	Dr(o)usipara	[' Drousipara', ' Drusipara']
http://pleiades.stoa.org/places/511448	‘Tipaso’	['Tipaso']
http://pleiades.stoa.org/places/511456	Tzouroulon/Silta?	['Tzouroulon', 'Silta']
http://pleiades.stoa.org/places/511184	‘Beodizo’	['Beodizo']
http://pleiades.stoa.org/places/511357	Perinthus/Heraclea	['Perinthus', 'Heraclea']
http://pleiades.stoa.org/places/511414	Sely(m)bria/Eudoxiopolis	[' Selymbria', ' Selybria', 'Eudoxiopolis']
http://pleiades.stoa.org/places/511201	‘Callum’	['Callum']
http://pleiades.stoa.org/places/511172	Athyras	['Athyras']
http://pleiades.stoa.org/places/511397	Rhegion	['Rhegion']
http://pleiades.stoa.org/places/520998	Constantinopolis	['Constantinopolis', 'Istanbul']
http://pleiades.stoa.org/places/521092	‘Nassete’	['Nassete']
http://pleiades.stoa.org/places/521106	Panteichion	['Panteichion']
http://pleiades.stoa.org/places/511371	Potamoi	['Potamoi']
http://pleiades.stoa.org/places/511305	Libyssa	['Libyssa']
http://pleiades.stoa.org/places/511193	‘Brunca’	['Brunca']
http://pleiades.stoa.org/places/511337	Nicomedia	['Nicomedia', 'Nikomēdeia, Nikomedeia, Nikomedia', 'Nikomedia', 'Nikomēdia', 'Nikomedeia', 'Kocaeli, Kodjaeli, Kodja-Eli, Koja-Eli', 'İzmid, Izmid', 'İzniḳmid, Iznikmid, Izniqmid, Izniqmid', 'İznikmid, Iznikmid', 'İznikmit, Iznikmit', 'İzmit, Izmit, Ismid', 'Olbia', 'Niqumūdiya, Niqumudiya, Niqumudiyah, Niqumudiyya, Niqumudiyyah, Niqumudiye, Niqumudiyeh, Niqumudiyye, Niqumudiyyeh', 'Ismid']
http://pleiades.stoa.org/places/511253	Eribolon	['Eribolon']
http://pleiades.stoa.org/places/511304	Libum	['Libum']
http://pleiades.stoa.org/places/511302	‘Liada’	['Liada']
http://pleiades.stoa.org/places/511268	Helikore/Nicaea	['Helikore', 'Nicaea']
http://pleiades.stoa.org/places/511412	‘Schinae’	['Schinae']
http://pleiades.stoa.org/places/511326	Mygdum/‘Midum’	['Mygdum', 'Midum']
http://pleiades.stoa.org/places/511210	‘Chogeae’	['Chogeae']
http://pleiades.stoa.org/places/511437	‘Thateso’	['Thateso']
http://pleiades.stoa.org/places/511431	Tattaios	['Tattaios']
http://pleiades.stoa.org/places/511383	‘Protunica’	['Protunica']
http://pleiades.stoa.org/places/844900	Dableis	['Dableis']
http://pleiades.stoa.org/places/844892	Ceratae	['Ceratae']
http://pleiades.stoa.org/places/844901	Dadastana	['Dadastana']
http://pleiades.stoa.org/places/845086	‘Transmonte’	['Transmonte']
http://pleiades.stoa.org/places/845019	Milia	['Milia']
http://pleiades.stoa.org/places/844935	Gordioukome/Iuliopolis	['Gordioukome', 'Iuliopolis']
http://pleiades.stoa.org/places/844946	*Hieronpotamon	['Hieronpotamon']
http://pleiades.stoa.org/places/609447	Lagania/Anastasioupolis	['Lagania', 'Anastasioupolis', 'Lagantine']
http://pleiades.stoa.org/places/845038	‘Petobrogen’	['Petobrogen']
http://pleiades.stoa.org/places/845020	Mnizos	['Mnizos']
http://pleiades.stoa.org/places/845047	Prasmon	['Prasmon']
http://pleiades.stoa.org/places/845011	‘Manegordo’	['Manegordo']
http://pleiades.stoa.org/places/619136	Cenaxis Palus	['Cenaxis Palus']
http://pleiades.stoa.org/places/619103	Ancyra	['Ancyra', 'Angūriyah', 'Sebastē Tektosagōn, Sebaste Tektosagon', 'Angūriya, Anguriya', 'Anqara', 'Anqara', 'Anqīra, Anqira', 'Ankara', 'Anḳara, Ankara, Anqara', 'Ankyra', 'Ankara Z.A.', 'Ankūrīye, Ankuriye, Ankuriya', 'Ankūriya', 'Angora', 'Engürü, Enguru']
http://pleiades.stoa.org/places/619161	Galatia	['Galatia']
http://pleiades.stoa.org/places/619167	Gorbeus	['Gorbeus']
http://pleiades.stoa.org/places/619228	Orsologiakos/Rosolodiacus	['Orsologiakos', 'Rosolodiacus']
http://pleiades.stoa.org/places/619102	Aliassum	['Aliassum']
http://pleiades.stoa.org/places/619118	Aspona	['Aspona']
http://pleiades.stoa.org/places/619162	Galea	['Galea']
http://pleiades.stoa.org/places/619106	Andraka/Andrapa	['Andraka', 'Andrapa']
http://pleiades.stoa.org/places/619235	Parnassos	['Parnassos']
http://pleiades.stoa.org/places/619232	Ozzala/Ozizala	['Ozzala', 'Ozizala', 'Iogola']
http://pleiades.stoa.org/places/619220	Nitazi/Nitalis	['Nitazi', 'Nitalis']
http://pleiades.stoa.org/places/619115	Argustana	['Argustana']
http://pleiades.stoa.org/places/619164	Garsaura/Col. Claudia Archelais/Koloneia	['Garsaura', 'Col. Claudia Archelais', 'Koloneia']
http://pleiades.stoa.org/places/619212	Momasson	['Momasson']
http://pleiades.stoa.org/places/619218	Nandianulus/Nazianzos	['Nandianulus', 'Nazianzos', 'Nadiandos']
http://pleiades.stoa.org/places/619139	Chusa	['Chusa']
http://pleiades.stoa.org/places/619256	Sasima	['Sasima']
http://pleiades.stoa.org/places/619104	Andabalis	['Andabalis']
http://pleiades.stoa.org/places/648801	Tyana/Col. Aurelia Antoniniana	['Tyana', 'Col. Aurelia Antoniniana', 'Tyanitis', 'Tuwāna', 'Ṭuwāna, Tuwana', 'Colonia Ant. T., Colonia Antoniniana Tyana', 'Ziga Kaplıcası, Ziga Kaplicasi', 'Kemerhisar', 'Tyana, Tyanna', 'Truḫana', 'Dana', 'Dana', "al-Kanāʾis, al-Kana'is, el-Kana'is, al-Kanais, el-Kanais", 'Ṭavāna, Tavana', 'Tuḫana, Tukhana', 'Tuḫana, Tukhana', 'Eusebeia', 'Eusebeia am Tauros, Eusebeia at the Tauros', 'Tuwannuwa, Tuwanuwa', 'Tuwanuwa']
http://pleiades.stoa.org/places/648608	Col. Faustinopolis/Halala	['Col. Faustinopolis', 'Halala']
http://pleiades.stoa.org/places/648592	Caena	['Caena']
http://pleiades.stoa.org/places/648742	Podandus	['Podandus']
http://pleiades.stoa.org/places/648670	Kilikiai Pylai	['Kilikiai Pylai', 'Cilician Gate', 'Gülek Bogazi, Gulek Bogazi']
http://pleiades.stoa.org/places/648704	Ma(m)psoukrenai	['Mampsoukrenai', 'Mapsoukrenai']
http://pleiades.stoa.org/places/648789	Tarsus/Antiochia ad Cydnum	['Tarsus', 'Antiochia ad Cydnum', 'Tarzi', 'Tarzu', 'Iouliopolis', 'Antiocheia', 'Antiocheia pros Kydnō, Antiocheia pros Kydno', 'Tarša, Tarsha, Tarsa', 'Taršıš', 'Taršiš, Tarshish', 'Taršiš, Tarshish', 'Tarsos', 'Tarson', 'Tarsus', 'Ṭarsus, Tarsus', 'Ṭarsūs, Tarsus', 'Gözlükule, Gözlü Kule', 'Gözlü Kule', 'Antiocheia in Persis, Antiocheia on the Kydnos']
http://pleiades.stoa.org/places/648733	Pargais	['Pargais']
http://pleiades.stoa.org/places/648548	Adana/Antiochia ad Sarum	['Adana', 'Antiochia ad Sarum', 'Antiocheia', 'ʾdn', 'Antiocheia pros Sarō, Antiocheia pros Saro', 'Adana', 'Adana', 'Adana', 'Adana', 'Aḏana, Adhana, Adana', 'Antiocheia am Saros', 'Atanija, Ataniya', 'Aḍana, Adhana']
http://pleiades.stoa.org/places/658538	Mopsou(h)estia/Seleukeia pros to Pyramo	['Mopsouhestia', 'Mopsouestia', 'Seleukeia pros to Pyramo', 'Mopsus', 'Misis']
http://pleiades.stoa.org/places/658610	Tardequeia	['Tardequeia']
http://pleiades.stoa.org/places/658506	Katabolos/Moutloubake	['Katabolos', 'Moutloubake']
http://pleiades.stoa.org/places/658394	Baiae	['Baiae']
http://pleiades.stoa.org/places/658371	Alexandria ad Issum	['Alexandria ad Issum', 'Alexandretta', 'İskenderum', 'Alexandrette', 'Iskenderun', 'İskenderun, Iskenderun, Iskenderum', 'İskenderun, Iskenderun, Iskenderum', 'Alexandreia bei Issos, Alexandreia on the Issos', 'al-Iskandarūna', 'Iskandarūn, Iskandarun, al-Iskandaruna', 'Iskandarīya', 'al-Iskandarīya, al-Iskandariya, el-Iskanderiye, al-Iskandariyah, el-Iskanderiyeh, al-Iskandariyya, el-Iskanderiyye, al-Iskandariyyah, el-Iskanderiyyeh, Iskandariya', 'Alexandreia', 'Alexandreia kat Isson', "Alexandreia kat' Isson, Alexandreia kat Isson"]
http://pleiades.stoa.org/places/658573	Platanoi/‘Pictanus’	['Platanoi', 'Pictanus']
http://pleiades.stoa.org/places/658564	Pagrae	['Pagrae']
http://pleiades.stoa.org/places/658381	Antiochia/Theoupolis	['Antiochia', 'Theoupolis', 'Iopolis', 'Antiocheia epi Daphnē, Antiocheia on Daphne', 'Anṭaqya', 'Antiocheia', 'Antakya', 'Anṭākiya, Antakiya, Antakiyah, Antakiyya, Antakiyyah', 'Anṭaḳya, Antaqya', 'Anṭākya', 'Anṭakya, Antakya', 'Antiochia', 'Antiochia', 'Hatay', 'III Gallica (Vesp.) garrison, III Gallica (Vespasian) garrison', 'Antiocheia am Orontes', 'Antiocheia am Orontēs, Antiocheia epi Orontou, Antiocheia on the Orontes']
http://pleiades.stoa.org/places/658450	Daphne	['Daphne']
http://pleiades.stoa.org/places/658483	Hydatos Potamoi/Seleukeia Pieria	['Hydatos Potamoi', 'Seleukeia Pieria']
http://pleiades.stoa.org/places/668290	Laodicea	['Laodicea', 'Laodikene', 'Mazabda']
http://pleiades.stoa.org/places/668250	Gabala	['Gabala']
http://pleiades.stoa.org/places/668206	Balanea/Leukas	['Balanea', 'Leukas']
http://pleiades.stoa.org/places/668305	Maraccas	['Maraccas']
http://pleiades.stoa.org/places/668190	Antarados/Constantia	['Antarados', 'Constantia']
http://pleiades.stoa.org/places/668198	Arca/Herakleia en Phoinike/Caesarea ad Libanum	['Arca', 'Herakleia en Phoinike', 'Caesarea ad Libanum']
http://pleiades.stoa.org/places/668215	Bruttus	['Bruttus']
http://pleiades.stoa.org/places/668394	Tripolis	['Tripolis', 'Tripolis', 'Ṭarābulus, Tarabulus', 'al-Mīnā', "al-Mīnāʾ, al-Mina, el-Mina, al-Mina', el-Mina'", 'Tripolis', 'Tripolis', 'Waḫliya, Wakhliya, Wahliya', 'Ṭrāblus, Trablus', 'Ṭarābulus aš-Šām, Tarabulus ash-Sham, Tarabulus esh-Sham, Tarabulus al-Sham, Tarabulus el-Sham, Tarablus ash-Sham, Tarablus esh-Sham, Tarablus al-Sham, Tarablus el-Sham', 'Ṭarābulus, Tarabulus, Tarablus', 'Ṭarāblus', 'Tripoli', 'Tripoli']
http://pleiades.stoa.org/places/668392	Trieres	['Trieres']
http://pleiades.stoa.org/places/668214	Botrys	['Botrys']
http://pleiades.stoa.org/places/668216	Byblos	['Byblos', 'Byblos', 'Ǧubail', 'Gǝbȧl', 'Gǝbal, Gebal', 'Ǧubail, Jubail, Jubeil, Jubayl, Jubeyl, Jubiyl', 'gbl', 'Gibelet, Giblet', 'Gubl', 'Gubla', 'Gubla', 'Gubla', 'Ǧubēl, Jubel, Jbeil']
http://pleiades.stoa.org/places/678177	Heldua	['Heldua']
http://pleiades.stoa.org/places/678060	Berytus/Laodikeia en te Phoinike/Col. Iulia Augusta Felix	['Berytus', 'Laodikeia en te Phoinike', 'Col. Iulia Augusta Felix', 'Lattaquié', 'Beirut', 'Bēt Lāpaṭ', 'Bēt Lāpāṭ, Bet Lapat, Bet Lapath', 'Col. Iul. Aug. Fel. B., Col. Jul. Aug. Fel. B.', 'Biruta', 'Berot', 'Barut', 'Baruth', 'Bērūt, Berut', 'Bērytos, Berytos', 'Berytos', 'Bairūt, Bairut, Bayrut, Beyrut', 'Laodikeia, Laodicea', 'Colonia Julia Augusta B., Colonia Iulia Augusta B.', 'Beirut', 'Beirut', 'Colonia Jul. Aug. Fel. B., Colonia Iul. Aug. Fel. B.']
http://pleiades.stoa.org/places/678338	Porphyreon Polis	['Porphyreon Polis']
http://pleiades.stoa.org/places/678393	Sidon/Col. Aurelia Pia	['Sidon', 'Col. Aurelia Pia', 'Saiete, Sayete', 'ṣdn', 'ṣdn', 'Sydon', 'Saidā', 'Ṣaidā, Saida, Sayda', 'Ṣaida', 'Ṣaidā', 'Ṣidon, Sidon', 'Ṣidon, Sidon', 'Sidon', 'Sidōn, Sidon', 'Ṣidunu, Sidunu', 'Ṣīdūnu, Sidunu', 'Sidūnu, Sidunu', 'Ṣidūnu', 'Colonia Aur. Pia S.', 'Colonia Aurelia Pia S., Colonia Aur. Pia S., Colonia Aurelia Pia Sidon', 'Seete']
http://pleiades.stoa.org/places/678374	Sarepta/Makra Kome	['Sarepta', 'Makra Kome']
http://pleiades.stoa.org/places/679506	Untitled	[]
http://pleiades.stoa.org/places/678437	Tyrus/Col. Septimia Severa	['Tyrus', 'Col. Septimia Severa', 'Ṣuru, Suru', 'Ṣūru, Suru', 'Ṭūrā, Tura', 'Ṣūr, Sur, Sour', 'Ṭūra', 'Tyr', 'Ṣor, Sor', 'Ṣor, Sor', 'Ṣurru, Surru', 'Sur', 'Tyrus', 'Tyrus', 'Colonia Sept. T.', 'Colonia Septimia T., Colonia Septimia Tyra, Colonia Sept. T., Col. Septimia T.', 'Col. Septimia T.', 'Tyros']
http://pleiades.stoa.org/places/678013	Alexandroschene	['Alexandroschene']
http://pleiades.stoa.org/places/678128	Ekdippa	['Ekdippa']
http://pleiades.stoa.org/places/678010	Ake/Ptolemais	['Ake', 'Ptolemais', 'ʿAkko, Akko, Acco', 'ʿAkko, Akko, Acco', 'Akkū, Akku', 'Antiocheia', 'Col. Claudia (Nerōnia) C. Pt., Colonia Claudia Nerōnia Caesarea Ptolemais, Colonia Claudia Caesarea Ptolemais', 'Akē, Ake', 'Antiocheia Ptolemais', 'Acre', 'ʿAkka', 'Akka', 'Tall al-Faḫḫār', 'Ptolemais, Ptolemaïs', 'Colonia Claudia (Nerōnia) Caes., Colonia Claudia Caesarea, Colonia Claudia Neronia Caesarea', 'Tall al-Fuḫḫār, Tall al-Fukhar, Tall al-Fukkhar, Tell el-Fukhar, Tell el-Foukhar, Tall al-Fakhar, Tell el-Fakhar', 'Accon', 'Ptolemaïs', 'Akku', "Saint Jean d'Acre, Saint-Jean-d'Acre, St-Jean-d'Acre", 'ʿAkkā, Akka', 'Acca', 'Akkon, Accho, Akers, Akko', 'Ptolemaǐs', 'Colonia Claudia Caes. Ptol., Colonia Claudia Caesarea Ptolemais', 'Colonia Claudia Caes. P., Colonia Claudia Caesarea Ptolemais']
http://pleiades.stoa.org/places/678404	Sykamina	['Sykamina', 'Tall Abī Ḥuwām, Tall Abi Huwam, Tell Abi Huwam', 'Tall Abī Ḥawām, Tall Abi Hawam, Tell Abi Hawam, Tall Abi Hawwam, Tell Abi Hawwam', 'Porphyreōn, Porphyreon', 'Tall Abū Ḥawām, Tell Abu Hawam, Tall Abu Hawam, Tall Abu Hawa, Tell Abu Hawa, Tell Abu Hawwam, Tall Abu Hawwam', 'Tall Abū Hawwām', 'Caifas', 'Caifas', 'Tẹl Šiqmonȧ, Tel Shiqmona, Tel Shikmona, Shikmonah', 'Castra Samaritanorum', 'Calamon, Kalamon', 'Tall Abū Ḥuwām, Tell Abu Huwam, Tall Abu Huwam', 'Ḥẹfȧ, Hefa, Haifa', 'Ḥẹfa', 'Ḥēfā, Hefa', 'Tall Abū Ḥawwām', "Ḥēfā l-ʿAtīqa, Hefa l-'Atiqa, Hefa al-'Atiqa, Hefa el-'Atiqa, Hefa l-Atiqa, Hefa al-Atiqa, Hefa el-Atiqa, Hefa l-'Atiqah, Hefa al-'Atiqah, Hefa el-'Atiqah, Hefa l-Atiqah, Hefa al-Atiqah, Hefa el-Atiqah", 'Qasṭǝrȧ, Qastera, Ḫorbat Qastra', 'Cayphas, Caifas, Caiphas', 'Šiqmȧ, Shiqma', "Ḥaifā l-ʿAtīqa, Haifa l-'Atiqa, Haifa l-Atiqa, Haifa al-'Atiqa, Haifa al-Atiqa, Haifa al-'Atiqah, Haifa al-Atiqah, Haifa l-'Atiqah, Haifa l-Atiqah, Haifa el-'Atiqa, Haifa el-Atiqa, Haifa el-'Atiqah, Haifa el-Atiqah", 'Ḫirbat Kafr as-Samīr, Khirbat Kafr as-Samir, Khirbat Kafr al-Samir, Khirbet Kafr es-Samir, Khirbet Kafr el-Samir', 'Šiqma', 'Ṣalmonȧ, Salmona', 'Salmonȧ, Salmona', 'Tall as-Samak, Tell es-Samak, Tell es-Semak, Tall al-Samak, Tell el-Samak, Tell el-Semak', 'Sykaminon', 'Sykaminos', 'Ḥaifā 2, Haifa 2', 'Ḥaifā 1, Haifa 1', 'Ḥaifā 3, Haifa 3', 'Ḥaifā, Haifa, Hayfa', 'Ḫaifa', 'Haifa']
http://pleiades.stoa.org/places/678401	Stratonos Pyrgos/Caesarea	['Stratonos Pyrgos', 'Caesarea', 'Kaisareia Paralios', 'Cesarea Palestinae', 'Caesarea Maritima']
http://pleiades.stoa.org/places/678266	Legio/Caporcotani/Maximianopolis	['Legio', 'Caporcotani', 'Maximianopolis']
http://pleiades.stoa.org/places/678197	Iezreel/Isdradela	['Iezreel', 'Isdradela']
http://pleiades.stoa.org/places/678378	Scythopolis/Nysa	['Scythopolis', 'Nysa']
http://pleiades.stoa.org/places/678034	Aser	['Aser']
http://pleiades.stoa.org/places/678301	Neapolis	['Neapolis']
http://pleiades.stoa.org/places/687928	Ierusalem/Hierosolyma/Col. Aelia Capitolina	['Ierusalem', 'Hierosolyma', 'Col. Aelia Capitolina', 'Colonia Aelia Capitolina', 'Ailia', 'Aelia Capitolina', 'Yǝrušalayim', 'Yėrūšalayim', 'Yǝrūšȧlayim', "Īliyāʾ, Iliya', Iliya, Iliya, Iliya", "Īliyā, Īliyāʾ, Īlyāʾ, Ilya', Ilya, Iliya, Iliya'", 'Quds-e Šerīf, Quds-e Sherif', 'Quds-i Šerīf, Quds-i Sherif', 'Bait al-Maqdis, Bayt al-Maqdis, Beit el-Maqdis, Beyt el-Maqdis, Bayt al-Muqaddas, Bait al-Muqaddas, Beyt el-Muqaddas, Beit el-Muqaddas', 'Ursalimmu', 'Ursalimmu', 'Jerusalem', 'Jerusalem', 'Ierousalēm, Ierousalem, Jerousalem', 'yrwšlm', 'al-Quds, el-Quds, al-Kuds', 'Quds-i Šarīf, Quds-i Sharif', 'al Quds, el Quds', 'Quds', 'Hierosolyma', 'Urusalim', 'Yǝrušȧlayim, Yerushalayim', 'Yǝrušȧlayim, Yerushalayim', 'Yǝrušȧlayim, Yerushalayim']
http://pleiades.stoa.org/places/256177	Gadeira/Gades/Col. Augusta Gaditana	['Gadeira', 'Gades', 'Col. Augusta Gaditana', 'Urbs Iulia Gaditana', 'Cadiz']
http://pleiades.stoa.org/places/255955	Ad Portum/Gaditanus Portus	['Ad Portum', 'Gaditanus Portus', 'Menestheos Limen']
http://pleiades.stoa.org/places/256193	(H)Asta/Col. Hasta Regia/Ligystine?	['Hasta', 'Asta', 'Col. Hasta Regia', 'Ligystine']
http://pleiades.stoa.org/places/256501	U(r)gia	['Urgia', 'Ugia', 'Caesaris Salutariensis', 'Castrum Iulium']
http://pleiades.stoa.org/places/256343	Orippo	['Orippo']
http://pleiades.stoa.org/places/256210	Hispalis/Col. Romula	['Hispalis', 'Col. Romula']
http://pleiades.stoa.org/places/256058	Carmo	['Carmo']
http://pleiades.stoa.org/places/256332	Obulcula	['Obulcula']
http://pleiades.stoa.org/places/255996	Astigi/Col. Augusta Firma	['Astigi', 'Col. Augusta Firma', 'Ecija', 'Ecija']
http://pleiades.stoa.org/places/257485	Untitled	[]
http://pleiades.stoa.org/places/256128	Corduba/Col. Patricia	['Corduba', 'Col. Patricia', 'Córdoba']
http://pleiades.stoa.org/places/255952	Ad Decumum	['Ad Decumum']
http://pleiades.stoa.org/places/265893	Epora	['Epora', 'Epora Foederatorum']
http://pleiades.stoa.org/places/266051	(S)Ucia	['Sucia', 'Ucia', 'Ouogia', 'Setia', 'Sitia', 'Stia', 'Sutia']
http://pleiades.stoa.org/places/265777	Ad Novlas	['Ad Novlas']
http://pleiades.stoa.org/places/265855	Castulo	['Castulo', 'Caesarii Iuvenales']
http://pleiades.stoa.org/places/265774	Ad Morum	['Ad Morum']
http://pleiades.stoa.org/places/265769	Ad Duo Solaria	['Ad Duo Solaria']
http://pleiades.stoa.org/places/265965	Mariana	['Mariana']
http://pleiades.stoa.org/places/265969	Mentesa	['Mentesa']
http://pleiades.stoa.org/places/265949	Libisosa	['Libisosa', 'Colonia Forum Augustum']
http://pleiades.stoa.org/places/265999	Parietinae	['Parietinae']
http://pleiades.stoa.org/places/266025	Saltigi	['Saltigi']
http://pleiades.stoa.org/places/265779	Ad Palem?	['Ad Palem']
http://pleiades.stoa.org/places/265766	Ad Aras	['Ad Aras']
http://pleiades.stoa.org/places/266018	Saetabis	['Saetabis']
http://pleiades.stoa.org/places/266052	Sucro	['Sucro']
http://pleiades.stoa.org/places/266090	Valentia	['Valentia']
http://pleiades.stoa.org/places/266021	Saguntum/Arse	['Saguntum', 'Arse']
http://pleiades.stoa.org/places/265778	Ad Novlas	['Ad Novlas']
http://pleiades.stoa.org/places/265920	Ildum	['Ildum']
http://pleiades.stoa.org/places/246439	Indibilis	['Indibilis', 'Intibilis']
http://pleiades.stoa.org/places/246369	Dertosa/Hibera Iulia Ilercavonia	['Dertosa', 'Hibera Iulia Ilercavonia']
http://pleiades.stoa.org/places/246665	Sub Saltu	['Sub Saltu']
http://pleiades.stoa.org/places/246349	Col. Tarraco	['Col. Tarraco', 'Col. Iulia Urbs Triumphalis']
http://pleiades.stoa.org/places/246551	Palfuriana	['Palfuriana']
http://pleiades.stoa.org/places/246166	Antistiana	['Antistiana']
http://pleiades.stoa.org/places/246135	(Ad) Fines	['Ad Fines', 'Fines']
http://pleiades.stoa.org/places/246192	Arrago(na)	['Arragona', 'Arrago']
http://pleiades.stoa.org/places/246576	Praetorium?	['Praetorium']
http://pleiades.stoa.org/places/246652	Seterrae	['Seterrae']
http://pleiades.stoa.org/places/246174	Aquae Voconiae	['Aquae Voconiae']
http://pleiades.stoa.org/places/246406	Gerunda	['Gerunda', 'Girona']
http://pleiades.stoa.org/places/246335	Cinniana	['Cinniana', 'Cilniana']
http://pleiades.stoa.org/places/246449	Iuncaria	['Iuncaria']
http://pleiades.stoa.org/places/246139	Ad Pyrenaeum/Summus Pyrenaeus	['Ad Pyrenaeum', 'Summus Pyrenaeus']
http://pleiades.stoa.org/places/246348	Col. Ruscino	['Col. Ruscino', 'Château Roussillon']
http://pleiades.stoa.org/places/246351	Combusta	['Combusta']
http://pleiades.stoa.org/places/148081	Forum Domitii	['Forum Domitii', 'Montbazin']
http://pleiades.stoa.org/places/148223	Ugernum	['Ugernum', 'Beaucaire']
http://pleiades.stoa.org/places/148093	Glanum	['Glanum']
http://pleiades.stoa.org/places/148027	Cabellio	['Cabellio', 'Cavaillon']
http://pleiades.stoa.org/places/147993	Apta Iulia	['Apta Iulia']
http://pleiades.stoa.org/places/148041	Catuiacia	['Catuiacia']
http://pleiades.stoa.org/places/157800	Alaunium	['Alaunium']
http://pleiades.stoa.org/places/157925	Segustero	['Segustero']
http://pleiades.stoa.org/places/167628	Alabonte	['Alabonte']
http://pleiades.stoa.org/places/167743	Druantium/*Alpis Cottia/Summae Alpes	['Druantium', 'Alpis Cottia', 'Summae Alpes', 'Alpis Iulia']
http://pleiades.stoa.org/places/383720	Ocelum	['Ocelum']
http://pleiades.stoa.org/places/383685	Lambrum	['Lambrum']
http://pleiades.stoa.org/places/383741	Placentia	['Placentia']
http://pleiades.stoa.org/places/383649	Florenti(ol)a	['Florentiola', 'Florentia']
http://pleiades.stoa.org/places/383737	Parma	['Parma']
http://pleiades.stoa.org/places/383755	Regium Lepidum	['Regium Lepidum', "Reggio nell'Emilia"]
http://pleiades.stoa.org/places/383715	Mutina	['Mutina', 'Modena']
http://pleiades.stoa.org/places/393421	Felsina/Bononia	['Felsina', 'Bononia', 'Bologna']
http://pleiades.stoa.org/places/393405	Claterna	['Claterna']
http://pleiades.stoa.org/places/393424	Forum Cornelii	['Forum Cornelii', 'Imola']
http://pleiades.stoa.org/places/393420	Faventia	['Faventia']
http://pleiades.stoa.org/places/393426	Forum Livii	['Forum Livii', 'Forlì']
http://pleiades.stoa.org/places/393397	Caesena	['Caesena']
http://pleiades.stoa.org/places/393379	Ariminum	['Ariminum']
http://pleiades.stoa.org/places/413256	Pisaurum	['Pisaurum']
http://pleiades.stoa.org/places/413129	Fanum Fortunae	['Fanum Fortunae']
http://pleiades.stoa.org/places/413149	Forum Sempronii	['Forum Sempronii']
http://pleiades.stoa.org/places/413058	Cales	['Cales']
http://pleiades.stoa.org/places/412989	Ad Aesim	['Ad Aesim']
http://pleiades.stoa.org/places/413167	Helvillum	['Helvillum']
http://pleiades.stoa.org/places/456102	Nuceria	['Nuceria']
http://pleiades.stoa.org/places/413200	Mevania	['Mevania']
http://pleiades.stoa.org/places/413380	Vicus Martis	['Vicus Martis']
http://pleiades.stoa.org/places/413225	Nequinum/Narnia	['Nequinum', 'Narnia', 'Narni', 'Narnia']
http://pleiades.stoa.org/places/413231	Ocriculum	['Ocriculum, OCRICVLVM', 'Otricoli']
http://pleiades.stoa.org/places/412998	Ad Vicesimum	['Ad Vicesimum']
http://pleiades.stoa.org/places/423025	Roma	['Roma', 'Rome', 'Rhṓmē, Rhome, Rome']
